message_id,transaction_id,event_type,source_system,event_timestamp,amount,event_version,processing_status
MSG-000001,TXN-000001,ADMISSION_CREATED,ADMISSIONS,2026-09-01T09:07:31+00:00,,1,NEW
MSG-000002,TXN-000002,COURSE_ENROLLED,ACADEMICS,2026-09-01T09:15:15+00:00,,1,NEW
MSG-000003,TXN-000003,FEE_PAYMENT,FINANCE,2026-09-01T09:22:36+00:00,25000.0,1,NEW
MSG-000004,TXN-000004,ADMISSION_CREATED,ADMISSIONS,2026-09-01T09:30:57+00:00,,1,NEW
MSG-000005,TXN-000005,ADMISSION_CREATED,ADMISSIONS,2026-09-01T09:38:07+00:00,,1,NEW
MSG-000006,TXN-000006,FEE_PAYMENT,FINANCE,2026-09-01T09:45:05+00:00,1500.0,1,NEW
MSG-000007,TXN-000007,FEE_PAYMENT,FINANCE,2026-09-01T09:53:08+00:00,15000.0,1,NEW
MSG-000008,TXN-000008,FEE_PAYMENT,FINANCE,2026-09-01T10:00:45+00:00,3000.0,1,NEW
MSG-000009,TXN-000009,ADMISSION_CREATED,ADMISSIONS,2026-09-01T10:08:04+00:00,,1,NEW
MSG-000010,TXN-000010,FEE_PAYMENT,FINANCE,2026-09-01T10:15:37+00:00,10000.0,1,NEW
MSG-000011,TXN-000011,FEE_PAYMENT,FINANCE,2026-09-01T10:22:30+00:00,50000.0,1,NEW
MSG-000012,TXN-000012,COURSE_ENROLLED,ACADEMICS,2026-09-01T10:30:10+00:00,,1,NEW
MSG-000013,TXN-000013,ADMISSION_CREATED,ADMISSIONS,2026-09-01T10:37:51+00:00,,1,NEW
MSG-000014,TXN-000014,FEE_PAYMENT,FINANCE,2026-09-01T10:45:48+00:00,3000.0,1,NEW
MSG-000015,TXN-000015,FEE_PAYMENT,FINANCE,2026-09-01T10:52:54+00:00,1500.0,1,NEW
MSG-000016,TXN-000016,FEE_PAYMENT,FINANCE,2026-09-01T11:00:22+00:00,50000.0,1,NEW
MSG-000017,TXN-000017,ADMISSION_CREATED,ADMISSIONS,2026-09-01T11:08:21+00:00,,1,NEW
MSG-000018,TXN-000018,FEE_PAYMENT,FINANCE,2026-09-01T11:15:34+00:00,10000.0,1,NEW
MSG-000019,TXN-000019,FEE_PAYMENT,FINANCE,2026-09-01T11:22:35+00:00,10000.0,1,NEW
MSG-000020,TXN-000020,ADMISSION_CREATED,ADMISSIONS,2026-09-01T11:30:53+00:00,,1,NEW
MSG-000021,TXN-000021,ADMISSION_CREATED,ADMISSIONS,2026-09-01T11:38:26+00:00,,1,NEW
MSG-000022,TXN-000022,MARK_UPDATED,ACADEMICS,2026-09-01T11:45:36+00:00,,1,NEW
MSG-000879,TXN-000022,MARK_UPDATED,ACADEMICS,2026-09-01T11:50:34+00:00,,1,NEW
MSG-000023,TXN-000023,FEE_PAYMENT,FINANCE,2026-09-01T11:52:32+00:00,1500.0,1,NEW
MSG-000023,TXN-000023,FEE_PAYMENT,FINANCE,2026-09-01T11:52:37+00:00,1500.0,1,NEW
MSG-000024,TXN-000024,ADMISSION_CREATED,ADMISSIONS,2026-09-01T12:00:49+00:00,,1,NEW
MSG-000025,TXN-000025,FEE_PAYMENT,FINANCE,2026-09-01T12:08:24+00:00,1500.0,1,NEW
MSG-000026,TXN-000026,FEE_PAYMENT,FINANCE,2026-09-01T12:15:24+00:00,1500.0,1,NEW
MSG-000027,TXN-000027,FEE_PAYMENT,FINANCE,2026-09-01T12:23:23+00:00,25000.0,1,NEW
MSG-000028,TXN-000028,FEE_PAYMENT,FINANCE,2026-09-01T12:30:22+00:00,5000.0,1,NEW
MSG-000029,TXN-000029,FEE_PAYMENT,FINANCE,2026-09-01T12:38:14+00:00,5000.0,1,NEW
MSG-000030,TXN-000030,MARK_UPDATED,ACADEMICS,2026-09-01T12:45:41+00:00,,1,NEW
MSG-000031,TXN-000031,FEE_PAYMENT,FINANCE,2026-09-01T12:52:40+00:00,25000.0,1,NEW
MSG-000032,TXN-000032,ADMISSION_CREATED,ADMISSIONS,2026-09-01T13:00:15+00:00,,1,NEW
MSG-000033,TXN-000033,FEE_PAYMENT,FINANCE,2026-09-01T13:07:47+00:00,10000.0,1,NEW
MSG-000034,TXN-000034,ALUMNI_UPDATED,ALUMNI,2026-09-01T13:15:40+00:00,,1,NEW
MSG-000827,TXN-000034,ALUMNI_UPDATED,ALUMNI,2026-09-01T13:18:52+00:00,,1,NEW
MSG-000035,TXN-000035,ADMISSION_CREATED,ADMISSIONS,2026-09-01T13:22:44+00:00,,1,NEW
MSG-000036,TXN-000036,ADMISSION_CREATED,ADMISSIONS,2026-09-01T13:30:53+00:00,,1,NEW
MSG-000037,TXN-000037,COURSE_ENROLLED,ACADEMICS,2026-09-01T13:37:33+00:00,,1,NEW
MSG-000912,TXN-000037,COURSE_ENROLLED,ACADEMICS,2026-09-01T13:40:11+00:00,,1,NEW
MSG-000038,TXN-000038,FEE_PAYMENT,FINANCE,2026-09-01T13:45:51+00:00,1500.0,1,NEW
MSG-000039,TXN-000039,FEE_PAYMENT,FINANCE,2026-09-01T13:52:34+00:00,5000.0,1,NEW
MSG-000040,TXN-000040,FEE_PAYMENT,FINANCE,2026-09-01T14:00:56+00:00,15000.0,1,NEW
MSG-000041,TXN-000041,COURSE_ENROLLED,ACADEMICS,2026-09-01T14:07:43+00:00,,1,NEW
MSG-000042,TXN-000042,ADMISSION_CREATED,ADMISSIONS,2026-09-01T14:15:25+00:00,,1,NEW
MSG-000043,TXN-000043,MARK_UPDATED,ACADEMICS,2026-09-01T14:23:11+00:00,,1,NEW
MSG-000044,TXN-000044,FEE_PAYMENT,FINANCE,2026-09-01T14:30:08+00:00,5000.0,1,NEW
MSG-000045,TXN-000045,FEE_PAYMENT,FINANCE,2026-09-01T14:38:04+00:00,15000.0,1,NEW
MSG-000046,TXN-000046,FEE_PAYMENT,FINANCE,2026-09-01T14:45:27+00:00,15000.0,1,NEW
MSG-000047,TXN-000047,MARK_UPDATED,ACADEMICS,2026-09-01T14:52:55+00:00,,1,NEW
MSG-000048,TXN-000048,FEE_PAYMENT,FINANCE,2026-09-01T15:00:32+00:00,3000.0,1,NEW
MSG-000048,TXN-000048,FEE_PAYMENT,FINANCE,2026-09-01T15:00:51+00:00,3000.0,1,NEW
MSG-000049,TXN-000049,FEE_PAYMENT,FINANCE,2026-09-01T15:07:33+00:00,50000.0,1,NEW
MSG-000050,TXN-000050,MARK_UPDATED,ACADEMICS,2026-09-01T15:15:09+00:00,,1,NEW
MSG-000051,TXN-000051,ADMISSION_CREATED,ADMISSIONS,2026-09-01T15:23:20+00:00,,1,NEW
MSG-000052,TXN-000052,ADMISSION_CREATED,ADMISSIONS,2026-09-01T15:30:38+00:00,,1,NEW
MSG-000869,TXN-000052,ADMISSION_CREATED,ADMISSIONS,2026-09-01T15:32:09+00:00,,1,NEW
MSG-000053,TXN-000053,FEE_PAYMENT,FINANCE,2026-09-01T15:38:08+00:00,10000.0,1,NEW
MSG-000054,TXN-000054,ALUMNI_UPDATED,ALUMNI,2026-09-01T15:45:33+00:00,,1,NEW
MSG-000055,TXN-000055,FEE_PAYMENT,FINANCE,2026-09-01T15:53:25+00:00,15000.0,1,NEW
MSG-000056,TXN-000056,MARK_UPDATED,ACADEMICS,2026-09-01T16:00:43+00:00,,1,NEW
MSG-000057,TXN-000057,COURSE_ENROLLED,ACADEMICS,2026-09-01T16:08:13+00:00,,1,NEW
MSG-000058,TXN-000058,MARK_UPDATED,ACADEMICS,2026-09-01T16:15:48+00:00,,1,NEW
MSG-000059,TXN-000059,FEE_PAYMENT,FINANCE,2026-09-01T16:22:51+00:00,25000.0,1,NEW
MSG-000923,TXN-000059,FEE_PAYMENT,FINANCE,2026-09-01T16:26:28+00:00,25000.0,1,NEW
MSG-000060,TXN-000060,FEE_PAYMENT,FINANCE,2026-09-01T16:30:10+00:00,10000.0,1,NEW
MSG-000060,TXN-000060,FEE_PAYMENT,FINANCE,2026-09-01T16:30:41+00:00,10000.0,1,NEW
MSG-000061,TXN-000061,FEE_PAYMENT,FINANCE,2026-09-01T16:38:26+00:00,25000.0,1,NEW
MSG-000062,TXN-000062,COURSE_ENROLLED,ACADEMICS,2026-09-01T16:45:32+00:00,,1,NEW
MSG-000063,TXN-000063,COURSE_ENROLLED,ACADEMICS,2026-09-01T16:53:02+00:00,,1,NEW
MSG-000064,TXN-000064,MARK_UPDATED,ACADEMICS,2026-09-01T17:00:55+00:00,,1,NEW
MSG-000065,TXN-000065,ADMISSION_CREATED,ADMISSIONS,2026-09-01T17:08:23+00:00,,1,NEW
MSG-000823,TXN-000065,ADMISSION_CREATED,ADMISSIONS,2026-09-01T17:12:36+00:00,,1,NEW
MSG-000066,TXN-000066,ADMISSION_CREATED,ADMISSIONS,2026-09-01T17:15:38+00:00,,1,NEW
MSG-000067,TXN-000067,FEE_PAYMENT,FINANCE,2026-09-01T17:23:18+00:00,5000.0,1,NEW
MSG-000068,TXN-000068,FEE_PAYMENT,FINANCE,2026-09-01T17:30:59+00:00,50000.0,1,NEW
MSG-000069,TXN-000069,ADMISSION_CREATED,ADMISSIONS,2026-09-01T17:37:30+00:00,,1,NEW
MSG-000069,TXN-000069,ADMISSION_CREATED,ADMISSIONS,2026-09-01T17:38:15+00:00,,1,NEW
MSG-000070,TXN-000070,ADMISSION_CREATED,ADMISSIONS,2026-09-01T17:45:31+00:00,,1,NEW
MSG-000071,TXN-000071,FEE_PAYMENT,FINANCE,2026-09-01T17:53:26+00:00,5000.0,1,NEW
MSG-000865,TXN-000071,FEE_PAYMENT,FINANCE,2026-09-01T17:57:26+00:00,5000.0,1,NEW
MSG-000072,TXN-000072,ALUMNI_UPDATED,ALUMNI,2026-09-01T18:00:51+00:00,,1,NEW
MSG-000073,TXN-000073,FEE_PAYMENT,FINANCE,2026-09-01T18:07:45+00:00,1500.0,1,NEW
MSG-000074,TXN-000074,MARK_UPDATED,ACADEMICS,2026-09-01T18:16:00+00:00,,1,NEW
MSG-000075,TXN-000075,FEE_PAYMENT,FINANCE,2026-09-01T18:23:01+00:00,25000.0,1,NEW
MSG-000076,TXN-000076,COURSE_ENROLLED,ACADEMICS,2026-09-01T18:30:48+00:00,,1,NEW
MSG-000077,TXN-000077,ADMISSION_CREATED,ADMISSIONS,2026-09-01T18:37:38+00:00,,1,NEW
MSG-000078,TXN-000078,FEE_PAYMENT,FINANCE,2026-09-01T18:46:00+00:00,10000.0,1,NEW
MSG-000079,TXN-000079,ADMISSION_CREATED,ADMISSIONS,2026-09-01T18:52:46+00:00,,1,NEW
MSG-000080,TXN-000080,ADMISSION_CREATED,ADMISSIONS,2026-09-01T19:00:38+00:00,,1,NEW
MSG-000081,TXN-000081,FEE_PAYMENT,FINANCE,2026-09-01T19:08:29+00:00,3000.0,1,NEW
MSG-000082,TXN-000082,ADMISSION_CREATED,ADMISSIONS,2026-09-01T19:15:46+00:00,,1,NEW
MSG-000083,TXN-000083,ADMISSION_CREATED,ADMISSIONS,2026-09-01T19:23:15+00:00,,1,NEW
MSG-000084,TXN-000084,FEE_PAYMENT,FINANCE,2026-09-01T19:30:41+00:00,25000.0,1,NEW
MSG-000085,TXN-000085,FEE_PAYMENT,FINANCE,2026-09-01T19:37:58+00:00,15000.0,1,NEW
MSG-000086,TXN-000086,FEE_PAYMENT,FINANCE,2026-09-01T19:45:04+00:00,3000.0,1,NEW
MSG-000087,TXN-000087,FEE_PAYMENT,FINANCE,2026-09-01T19:53:05+00:00,15000.0,1,NEW
MSG-000088,TXN-000088,FEE_PAYMENT,FINANCE,2026-09-01T20:00:00+00:00,3000.0,1,NEW
MSG-000089,TXN-000089,FEE_PAYMENT,FINANCE,2026-09-01T20:07:33+00:00,25000.0,1,NEW
MSG-000090,TXN-000090,FEE_PAYMENT,FINANCE,2026-09-01T20:15:55+00:00,1500.0,1,NEW
MSG-000091,TXN-000091,FEE_PAYMENT,FINANCE,2026-09-01T20:22:45+00:00,15000.0,1,NEW
MSG-000092,TXN-000092,FEE_PAYMENT,FINANCE,2026-09-01T20:30:13+00:00,10000.0,1,NEW
MSG-000093,TXN-000093,ADMISSION_CREATED,ADMISSIONS,2026-09-01T20:38:16+00:00,,1,NEW
MSG-000094,TXN-000094,MARK_UPDATED,ACADEMICS,2026-09-01T20:45:36+00:00,,1,NEW
MSG-000095,TXN-000095,ADMISSION_CREATED,ADMISSIONS,2026-09-01T20:52:45+00:00,,1,NEW
MSG-000096,TXN-000096,COURSE_ENROLLED,ACADEMICS,2026-09-01T21:00:51+00:00,,1,NEW
MSG-000097,TXN-000097,FEE_PAYMENT,FINANCE,2026-09-01T21:07:36+00:00,1500.0,1,NEW
MSG-000098,TXN-000098,ADMISSION_CREATED,ADMISSIONS,2026-09-01T21:15:22+00:00,,1,NEW
MSG-000876,TXN-000098,ADMISSION_CREATED,ADMISSIONS,2026-09-01T21:19:09+00:00,,1,NEW
MSG-000099,TXN-000099,FEE_PAYMENT,FINANCE,2026-09-01T21:23:25+00:00,10000.0,1,NEW
MSG-000100,TXN-000100,COURSE_ENROLLED,ACADEMICS,2026-09-01T21:30:43+00:00,,1,NEW
MSG-000100,TXN-000100,COURSE_ENROLLED,ACADEMICS,2026-09-01T21:30:48+00:00,,1,NEW
MSG-000809,TXN-000100,COURSE_ENROLLED,ACADEMICS,2026-09-01T21:34:00+00:00,,1,NEW
MSG-000101,TXN-000101,ADMISSION_CREATED,ADMISSIONS,2026-09-01T21:38:11+00:00,,1,NEW
MSG-000102,TXN-000102,FEE_PAYMENT,FINANCE,2026-09-01T21:45:46+00:00,10000.0,1,NEW
MSG-000103,TXN-000103,FEE_PAYMENT,FINANCE,2026-09-01T21:52:36+00:00,50000.0,1,NEW
MSG-000104,TXN-000104,FEE_PAYMENT,FINANCE,2026-09-01T22:00:34+00:00,3000.0,1,NEW
MSG-000105,TXN-000105,FEE_PAYMENT,FINANCE,2026-09-01T22:07:41+00:00,10000.0,1,NEW
MSG-000106,TXN-000106,FEE_PAYMENT,FINANCE,2026-09-01T22:15:55+00:00,3000.0,1,NEW
MSG-000107,TXN-000107,MARK_UPDATED,ACADEMICS,2026-09-01T22:22:58+00:00,,1,NEW
MSG-000108,TXN-000108,COURSE_ENROLLED,ACADEMICS,2026-09-01T22:30:54+00:00,,1,NEW
MSG-000109,TXN-000109,ADMISSION_CREATED,ADMISSIONS,2026-09-01T22:37:33+00:00,,1,NEW
MSG-000110,TXN-000110,ADMISSION_CREATED,ADMISSIONS,2026-09-01T22:45:34+00:00,,1,NEW
MSG-000111,TXN-000111,COURSE_ENROLLED,ACADEMICS,2026-09-01T22:52:35+00:00,,1,NEW
MSG-000112,TXN-000112,MARK_UPDATED,ACADEMICS,2026-09-01T23:00:54+00:00,,1,NEW
MSG-000878,TXN-000112,MARK_UPDATED,ACADEMICS,2026-09-01T23:02:48+00:00,,1,NEW
MSG-000113,TXN-000113,FEE_PAYMENT,FINANCE,2026-09-01T23:08:01+00:00,10000.0,1,NEW
MSG-000114,TXN-000114,FEE_PAYMENT,FINANCE,2026-09-01T23:15:25+00:00,50000.0,1,NEW
MSG-000115,TXN-000115,MARK_UPDATED,ACADEMICS,2026-09-01T23:22:40+00:00,,1,NEW
MSG-000837,TXN-000115,MARK_UPDATED,ACADEMICS,2026-09-01T23:26:32+00:00,,1,NEW
MSG-000116,TXN-000116,FEE_PAYMENT,FINANCE,2026-09-01T23:30:16+00:00,10000.0,1,NEW
MSG-000117,TXN-000117,MARK_UPDATED,ACADEMICS,2026-09-01T23:38:20+00:00,,1,NEW
MSG-000118,TXN-000118,FEE_PAYMENT,FINANCE,2026-09-01T23:45:44+00:00,10000.0,1,NEW
MSG-000119,TXN-000119,ALUMNI_UPDATED,ALUMNI,2026-09-01T23:53:20+00:00,,1,NEW
MSG-000120,TXN-000120,ADMISSION_CREATED,ADMISSIONS,2026-09-02T00:00:45+00:00,,1,NEW
MSG-000121,TXN-000121,FEE_PAYMENT,FINANCE,2026-09-02T00:07:48+00:00,3000.0,1,NEW
MSG-000122,TXN-000122,FEE_PAYMENT,FINANCE,2026-09-02T00:15:37+00:00,1500.0,1,NEW
MSG-000123,TXN-000123,COURSE_ENROLLED,ACADEMICS,2026-09-02T00:22:33+00:00,,1,NEW
MSG-000894,TXN-000123,COURSE_ENROLLED,ACADEMICS,2026-09-02T00:25:58+00:00,,1,NEW
MSG-000124,TXN-000124,COURSE_ENROLLED,ACADEMICS,2026-09-02T00:30:03+00:00,,1,NEW
MSG-000125,TXN-000125,FEE_PAYMENT,FINANCE,2026-09-02T00:38:02+00:00,10000.0,1,NEW
MSG-000126,TXN-000126,MARK_UPDATED,ACADEMICS,2026-09-02T00:45:33+00:00,,1,NEW
MSG-000127,TXN-000127,FEE_PAYMENT,FINANCE,2026-09-02T00:52:35+00:00,15000.0,1,NEW
MSG-000128,TXN-000128,MARK_UPDATED,ACADEMICS,2026-09-02T01:00:04+00:00,,1,NEW
MSG-000128,TXN-000128,MARK_UPDATED,ACADEMICS,2026-09-02T01:00:41+00:00,,1,NEW
MSG-000129,TXN-000129,ADMISSION_CREATED,ADMISSIONS,2026-09-02T01:08:13+00:00,,1,NEW
MSG-000130,TXN-000130,MARK_UPDATED,ACADEMICS,2026-09-02T01:15:25+00:00,,1,NEW
MSG-000131,TXN-000131,FEE_PAYMENT,FINANCE,2026-09-02T01:22:45+00:00,15000.0,1,NEW
MSG-000132,TXN-000132,ADMISSION_CREATED,ADMISSIONS,2026-09-02T01:30:02+00:00,,1,NEW
MSG-000839,TXN-000028,FEE_PAYMENT,FINANCE,2026-09-02T01:30:22+00:00,5000.0,1,NEW
MSG-000133,TXN-000133,ADMISSION_CREATED,ADMISSIONS,2026-09-02T01:37:56+00:00,,1,NEW
MSG-000134,TXN-000134,ADMISSION_CREATED,ADMISSIONS,2026-09-02T01:45:36+00:00,,1,NEW
MSG-000135,TXN-000135,ADMISSION_CREATED,ADMISSIONS,2026-09-02T01:53:29+00:00,,1,NEW
MSG-000136,TXN-000136,FEE_PAYMENT,FINANCE,2026-09-02T02:00:45+00:00,25000.0,1,NEW
MSG-000137,TXN-000137,FEE_PAYMENT,FINANCE,2026-09-02T02:07:55+00:00,5000.0,1,NEW
MSG-000138,TXN-000138,FEE_PAYMENT,FINANCE,2026-09-02T02:15:19+00:00,25000.0,1,NEW
MSG-000139,TXN-000139,FEE_PAYMENT,FINANCE,2026-09-02T02:23:29+00:00,50000.0,1,NEW
MSG-000140,TXN-000140,FEE_PAYMENT,FINANCE,2026-09-02T02:30:39+00:00,10000.0,1,NEW
MSG-000141,TXN-000141,ALUMNI_UPDATED,ALUMNI,2026-09-02T02:37:36+00:00,,1,NEW
MSG-000142,TXN-000142,FEE_PAYMENT,FINANCE,2026-09-02T02:45:32+00:00,3000.0,1,NEW
MSG-000143,TXN-000143,FEE_PAYMENT,FINANCE,2026-09-02T02:53:26+00:00,5000.0,1,NEW
MSG-000144,TXN-000144,FEE_PAYMENT,FINANCE,2026-09-02T03:00:23+00:00,3000.0,1,NEW
MSG-000145,TXN-000145,FEE_PAYMENT,FINANCE,2026-09-02T03:08:23+00:00,10000.0,1,NEW
MSG-000146,TXN-000146,ADMISSION_CREATED,ADMISSIONS,2026-09-02T03:15:19+00:00,,1,NEW
MSG-000146,TXN-000146,ADMISSION_CREATED,ADMISSIONS,2026-09-02T03:15:50+00:00,,1,NEW
MSG-000147,TXN-000147,ADMISSION_CREATED,ADMISSIONS,2026-09-02T03:23:21+00:00,,1,NEW
MSG-000148,TXN-000148,ADMISSION_CREATED,ADMISSIONS,2026-09-02T03:30:00+00:00,,1,NEW
MSG-000149,TXN-000149,ADMISSION_CREATED,ADMISSIONS,2026-09-02T03:38:05+00:00,,1,NEW
MSG-000150,TXN-000150,FEE_PAYMENT,FINANCE,2026-09-02T03:45:06+00:00,25000.0,1,NEW
MSG-000151,TXN-000151,MARK_UPDATED,ACADEMICS,2026-09-02T03:52:38+00:00,,1,NEW
MSG-000152,TXN-000152,FEE_PAYMENT,FINANCE,2026-09-02T04:00:47+00:00,1500.0,1,NEW
MSG-000153,TXN-000153,ADMISSION_CREATED,ADMISSIONS,2026-09-02T04:07:47+00:00,,1,NEW
MSG-000153,TXN-000153,ADMISSION_CREATED,ADMISSIONS,2026-09-02T04:08:29+00:00,,1,NEW
MSG-000154,TXN-000154,FEE_PAYMENT,FINANCE,2026-09-02T04:15:45+00:00,3000.0,1,NEW
MSG-000155,TXN-000155,FEE_PAYMENT,FINANCE,2026-09-02T04:23:10+00:00,25000.0,1,NEW
MSG-000156,TXN-000156,MARK_UPDATED,ACADEMICS,2026-09-02T04:30:32+00:00,,1,NEW
MSG-000157,TXN-000157,FEE_PAYMENT,FINANCE,2026-09-02T04:37:33+00:00,50000.0,1,NEW
MSG-000158,TXN-000158,FEE_PAYMENT,FINANCE,2026-09-02T04:45:53+00:00,10000.0,1,NEW
MSG-000159,TXN-000159,FEE_PAYMENT,FINANCE,2026-09-02T04:52:51+00:00,1500.0,1,NEW
MSG-000160,TXN-000160,COURSE_ENROLLED,ACADEMICS,2026-09-02T05:00:40+00:00,,1,NEW
MSG-000161,TXN-000161,ALUMNI_UPDATED,ALUMNI,2026-09-02T05:07:40+00:00,,1,NEW
MSG-000877,TXN-000161,ALUMNI_UPDATED,ALUMNI,2026-09-02T05:11:51+00:00,,1,NEW
MSG-000162,TXN-000162,COURSE_ENROLLED,ACADEMICS,2026-09-02T05:15:35+00:00,,1,NEW
MSG-000163,TXN-000163,COURSE_ENROLLED,ACADEMICS,2026-09-02T05:23:05+00:00,,1,NEW
MSG-000164,TXN-000164,FEE_PAYMENT,FINANCE,2026-09-02T05:31:00+00:00,1500.0,1,NEW
MSG-000165,TXN-000165,MARK_UPDATED,ACADEMICS,2026-09-02T05:38:27+00:00,,1,NEW
MSG-000166,TXN-000166,FEE_PAYMENT,FINANCE,2026-09-02T05:45:53+00:00,1500.0,1,NEW
MSG-000167,TXN-000167,FEE_PAYMENT,FINANCE,2026-09-02T05:52:39+00:00,15000.0,1,NEW
MSG-000168,TXN-000168,FEE_PAYMENT,FINANCE,2026-09-02T06:00:19+00:00,1500.0,1,NEW
MSG-000169,TXN-000169,FEE_PAYMENT,FINANCE,2026-09-02T06:08:25+00:00,50000.0,1,NEW
MSG-000170,TXN-000170,FEE_PAYMENT,FINANCE,2026-09-02T06:15:13+00:00,5000.0,1,NEW
MSG-000171,TXN-000171,ADMISSION_CREATED,ADMISSIONS,2026-09-02T06:23:12+00:00,,1,NEW
MSG-000172,TXN-000172,FEE_PAYMENT,FINANCE,2026-09-02T06:30:35+00:00,50000.0,1,NEW
MSG-000173,TXN-000173,MARK_UPDATED,ACADEMICS,2026-09-02T06:37:56+00:00,,1,NEW
MSG-000174,TXN-000174,ALUMNI_UPDATED,ALUMNI,2026-09-02T06:45:47+00:00,,1,NEW
MSG-000175,TXN-000175,FEE_PAYMENT,FINANCE,2026-09-02T06:53:25+00:00,3000.0,1,NEW
MSG-000176,TXN-000176,FEE_PAYMENT,FINANCE,2026-09-02T07:00:51+00:00,50000.0,1,NEW
MSG-000177,TXN-000177,FEE_PAYMENT,FINANCE,2026-09-02T07:07:31+00:00,10000.0,1,NEW
MSG-000178,TXN-000178,FEE_PAYMENT,FINANCE,2026-09-02T07:15:50+00:00,5000.0,1,NEW
MSG-000179,TXN-000179,MARK_UPDATED,ACADEMICS,2026-09-02T07:23:21+00:00,,1,NEW
MSG-000180,TXN-000180,ADMISSION_CREATED,ADMISSIONS,2026-09-02T07:30:47+00:00,,1,NEW
MSG-000181,TXN-000181,COURSE_ENROLLED,ACADEMICS,2026-09-02T07:37:47+00:00,,1,NEW
MSG-000182,TXN-000182,FEE_PAYMENT,FINANCE,2026-09-02T07:45:06+00:00,25000.0,1,NEW
MSG-000183,TXN-000183,FEE_PAYMENT,FINANCE,2026-09-02T07:53:24+00:00,1500.0,1,NEW
MSG-000184,TXN-000184,FEE_PAYMENT,FINANCE,2026-09-02T08:00:52+00:00,3000.0,1,NEW
MSG-000185,TXN-000185,MARK_UPDATED,ACADEMICS,2026-09-02T08:07:52+00:00,,1,NEW
MSG-000186,TXN-000186,FEE_PAYMENT,FINANCE,2026-09-02T08:15:55+00:00,50000.0,1,NEW
MSG-000187,TXN-000187,FEE_PAYMENT,FINANCE,2026-09-02T08:23:12+00:00,1500.0,1,NEW
MSG-000188,TXN-000188,FEE_PAYMENT,FINANCE,2026-09-02T08:30:17+00:00,5000.0,1,NEW
MSG-000189,TXN-000189,MARK_UPDATED,ACADEMICS,2026-09-02T08:38:19+00:00,,1,NEW
MSG-000190,TXN-000190,FEE_PAYMENT,FINANCE,2026-09-02T08:45:32+00:00,25000.0,1,NEW
MSG-000191,TXN-000191,FEE_PAYMENT,FINANCE,2026-09-02T08:53:04+00:00,50000.0,1,NEW
MSG-000192,TXN-000192,FEE_PAYMENT,FINANCE,2026-09-02T09:00:07+00:00,1500.0,1,NEW
MSG-000193,TXN-000193,MARK_UPDATED,ACADEMICS,2026-09-02T09:07:46+00:00,,1,NEW
MSG-000194,TXN-000194,FEE_PAYMENT,FINANCE,2026-09-02T09:15:02+00:00,5000.0,1,NEW
MSG-000195,TXN-000195,FEE_PAYMENT,FINANCE,2026-09-02T09:22:52+00:00,10000.0,1,NEW
MSG-000196,TXN-000196,COURSE_ENROLLED,ACADEMICS,2026-09-02T09:30:20+00:00,,1,NEW
MSG-000197,TXN-000197,FEE_PAYMENT,FINANCE,2026-09-02T09:37:37+00:00,15000.0,1,NEW
MSG-000198,TXN-000198,FEE_PAYMENT,FINANCE,2026-09-02T09:45:12+00:00,15000.0,1,NEW
MSG-000199,TXN-000199,FEE_PAYMENT,FINANCE,2026-09-02T09:52:57+00:00,25000.0,1,NEW
MSG-000199,TXN-000199,FEE_PAYMENT,FINANCE,2026-09-02T09:53:22+00:00,25000.0,1,NEW
MSG-000934,TXN-000199,FEE_PAYMENT,FINANCE,2026-09-02T09:57:24+00:00,25000.0,1,NEW
MSG-000200,TXN-000200,FEE_PAYMENT,FINANCE,2026-09-02T10:00:34+00:00,50000.0,1,NEW
MSG-000200,TXN-000200,FEE_PAYMENT,FINANCE,2026-09-02T10:01:05+00:00,50000.0,1,NEW
MSG-000201,TXN-000201,ADMISSION_CREATED,ADMISSIONS,2026-09-02T10:08:30+00:00,,1,NEW
MSG-000201,TXN-000201,ADMISSION_CREATED,ADMISSIONS,2026-09-02T10:08:42+00:00,,1,NEW
MSG-000202,TXN-000202,COURSE_ENROLLED,ACADEMICS,2026-09-02T10:15:42+00:00,,1,NEW
MSG-000203,TXN-000203,FEE_PAYMENT,FINANCE,2026-09-02T10:22:34+00:00,10000.0,1,NEW
MSG-000804,TXN-000203,FEE_PAYMENT,FINANCE,2026-09-02T10:25:43+00:00,10000.0,1,NEW
MSG-000204,TXN-000204,MARK_UPDATED,ACADEMICS,2026-09-02T10:30:58+00:00,,1,NEW
MSG-000205,TXN-000205,FEE_PAYMENT,FINANCE,2026-09-02T10:38:12+00:00,5000.0,1,NEW
MSG-000206,TXN-000206,COURSE_ENROLLED,ACADEMICS,2026-09-02T10:45:46+00:00,,1,NEW
MSG-000207,TXN-000207,MARK_UPDATED,ACADEMICS,2026-09-02T10:53:02+00:00,,1,NEW
MSG-000208,TXN-000208,FEE_PAYMENT,FINANCE,2026-09-02T11:00:20+00:00,10000.0,1,NEW
MSG-000209,TXN-000209,FEE_PAYMENT,FINANCE,2026-09-02T11:08:05+00:00,5000.0,1,NEW
MSG-000210,TXN-000210,FEE_PAYMENT,FINANCE,2026-09-02T11:15:42+00:00,10000.0,1,NEW
MSG-000211,TXN-000211,MARK_UPDATED,ACADEMICS,2026-09-02T11:23:13+00:00,,1,NEW
MSG-000212,TXN-000212,COURSE_ENROLLED,ACADEMICS,2026-09-02T11:30:11+00:00,,1,NEW
MSG-000213,TXN-000213,ADMISSION_CREATED,ADMISSIONS,2026-09-02T11:37:49+00:00,,1,NEW
MSG-000214,TXN-000214,FEE_PAYMENT,FINANCE,2026-09-02T11:45:00+00:00,50000.0,1,NEW
MSG-000215,TXN-000215,FEE_PAYMENT,FINANCE,2026-09-02T11:52:57+00:00,3000.0,1,NEW
MSG-000216,TXN-000216,COURSE_ENROLLED,ACADEMICS,2026-09-02T12:00:38+00:00,,1,NEW
MSG-000217,TXN-000217,ADMISSION_CREATED,ADMISSIONS,2026-09-02T12:07:59+00:00,,1,NEW
MSG-000218,TXN-000218,FEE_PAYMENT,FINANCE,2026-09-02T12:15:13+00:00,25000.0,1,NEW
MSG-000219,TXN-000219,ADMISSION_CREATED,ADMISSIONS,2026-09-02T12:23:20+00:00,,1,NEW
MSG-000220,TXN-000220,MARK_UPDATED,ACADEMICS,2026-09-02T12:30:50+00:00,,1,NEW
MSG-000221,TXN-000221,COURSE_ENROLLED,ACADEMICS,2026-09-02T12:38:12+00:00,,1,NEW
MSG-000222,TXN-000222,FEE_PAYMENT,FINANCE,2026-09-02T12:45:42+00:00,15000.0,1,NEW
MSG-000223,TXN-000223,ADMISSION_CREATED,ADMISSIONS,2026-09-02T12:52:51+00:00,,1,NEW
MSG-000224,TXN-000224,FEE_PAYMENT,FINANCE,2026-09-02T13:00:15+00:00,50000.0,1,NEW
MSG-000225,TXN-000225,ADMISSION_CREATED,ADMISSIONS,2026-09-02T13:07:44+00:00,,1,NEW
MSG-000226,TXN-000226,COURSE_ENROLLED,ACADEMICS,2026-09-02T13:15:09+00:00,,1,NEW
MSG-000227,TXN-000227,FEE_PAYMENT,FINANCE,2026-09-02T13:23:00+00:00,3000.0,1,NEW
MSG-000228,TXN-000228,ADMISSION_CREATED,ADMISSIONS,2026-09-02T13:30:49+00:00,,1,NEW
MSG-000229,TXN-000229,FEE_PAYMENT,FINANCE,2026-09-02T13:38:26+00:00,10000.0,1,NEW
MSG-000230,TXN-000230,ADMISSION_CREATED,ADMISSIONS,2026-09-02T13:45:12+00:00,,1,NEW
MSG-000231,TXN-000231,COURSE_ENROLLED,ACADEMICS,2026-09-02T13:52:54+00:00,,1,NEW
MSG-000232,TXN-000232,FEE_PAYMENT,FINANCE,2026-09-02T14:00:09+00:00,3000.0,1,NEW
MSG-000918,TXN-000232,FEE_PAYMENT,FINANCE,2026-09-02T14:02:27+00:00,3000.0,1,NEW
MSG-000233,TXN-000233,ADMISSION_CREATED,ADMISSIONS,2026-09-02T14:07:30+00:00,,1,NEW
MSG-000233,TXN-000233,ADMISSION_CREATED,ADMISSIONS,2026-09-02T14:07:48+00:00,,1,NEW
MSG-000234,TXN-000234,MARK_UPDATED,ACADEMICS,2026-09-02T14:15:55+00:00,,1,NEW
MSG-000235,TXN-000235,COURSE_ENROLLED,ACADEMICS,2026-09-02T14:22:36+00:00,,1,NEW
MSG-000236,TXN-000236,COURSE_ENROLLED,ACADEMICS,2026-09-02T14:30:14+00:00,,1,NEW
MSG-000237,TXN-000237,FEE_PAYMENT,FINANCE,2026-09-02T14:38:03+00:00,25000.0,1,NEW
MSG-000238,TXN-000238,FEE_PAYMENT,FINANCE,2026-09-02T14:45:15+00:00,15000.0,1,NEW
MSG-000239,TXN-000239,MARK_UPDATED,ACADEMICS,2026-09-02T14:52:37+00:00,,1,NEW
MSG-000240,TXN-000240,FEE_PAYMENT,FINANCE,2026-09-02T15:00:29+00:00,50000.0,1,NEW
MSG-000241,TXN-000241,ADMISSION_CREATED,ADMISSIONS,2026-09-02T15:08:05+00:00,,1,NEW
MSG-000242,TXN-000242,ADMISSION_CREATED,ADMISSIONS,2026-09-02T15:16:00+00:00,,1,NEW
MSG-000243,TXN-000243,COURSE_ENROLLED,ACADEMICS,2026-09-02T15:22:58+00:00,,1,NEW
MSG-000244,TXN-000244,ADMISSION_CREATED,ADMISSIONS,2026-09-02T15:30:46+00:00,,1,NEW
MSG-000245,TXN-000245,MARK_UPDATED,ACADEMICS,2026-09-02T15:37:57+00:00,,1,NEW
MSG-000246,TXN-000246,COURSE_ENROLLED,ACADEMICS,2026-09-02T15:45:35+00:00,,1,NEW
MSG-000247,TXN-000247,FEE_PAYMENT,FINANCE,2026-09-02T15:53:17+00:00,3000.0,1,NEW
MSG-000248,TXN-000248,MARK_UPDATED,ACADEMICS,2026-09-02T16:00:28+00:00,,1,NEW
MSG-000248,TXN-000248,MARK_UPDATED,ACADEMICS,2026-09-02T16:00:36+00:00,,1,NEW
MSG-000249,TXN-000249,FEE_PAYMENT,FINANCE,2026-09-02T16:08:23+00:00,3000.0,1,NEW
MSG-000250,TXN-000250,ADMISSION_CREATED,ADMISSIONS,2026-09-02T16:15:49+00:00,,1,NEW
MSG-000251,TXN-000251,COURSE_ENROLLED,ACADEMICS,2026-09-02T16:23:01+00:00,,1,NEW
MSG-000252,TXN-000252,ADMISSION_CREATED,ADMISSIONS,2026-09-02T16:30:17+00:00,,1,NEW
MSG-000253,TXN-000253,FEE_PAYMENT,FINANCE,2026-09-02T16:37:48+00:00,25000.0,1,NEW
MSG-000254,TXN-000254,FEE_PAYMENT,FINANCE,2026-09-02T16:45:20+00:00,5000.0,1,NEW
MSG-000255,TXN-000255,MARK_UPDATED,ACADEMICS,2026-09-02T16:52:35+00:00,,1,NEW
MSG-000256,TXN-000256,FEE_PAYMENT,FINANCE,2026-09-02T17:00:24+00:00,3000.0,1,NEW
MSG-000867,TXN-000256,FEE_PAYMENT,FINANCE,2026-09-02T17:03:47+00:00,3000.0,1,NEW
MSG-000257,TXN-000257,ADMISSION_CREATED,ADMISSIONS,2026-09-02T17:08:15+00:00,,1,NEW
MSG-000822,TXN-000257,ADMISSION_CREATED,ADMISSIONS,2026-09-02T17:11:37+00:00,,1,NEW
MSG-000258,TXN-000258,FEE_PAYMENT,FINANCE,2026-09-02T17:15:26+00:00,10000.0,1,NEW
MSG-000259,TXN-000259,FEE_PAYMENT,FINANCE,2026-09-02T17:22:56+00:00,10000.0,1,NEW
MSG-000896,TXN-000259,FEE_PAYMENT,FINANCE,2026-09-02T17:25:08+00:00,10000.0,1,NEW
MSG-000260,TXN-000260,FEE_PAYMENT,FINANCE,2026-09-02T17:30:26+00:00,50000.0,1,NEW
MSG-000261,TXN-000261,FEE_PAYMENT,FINANCE,2026-09-02T17:38:07+00:00,50000.0,1,NEW
MSG-000262,TXN-000262,MARK_UPDATED,ACADEMICS,2026-09-02T17:45:01+00:00,,1,NEW
MSG-000935,TXN-000262,MARK_UPDATED,ACADEMICS,2026-09-02T17:47:57+00:00,,1,NEW
MSG-000263,TXN-000263,MARK_UPDATED,ACADEMICS,2026-09-02T17:53:18+00:00,,1,NEW
MSG-000264,TXN-000264,ADMISSION_CREATED,ADMISSIONS,2026-09-02T18:00:30+00:00,,1,NEW
MSG-000265,TXN-000265,FEE_PAYMENT,FINANCE,2026-09-02T18:07:49+00:00,5000.0,1,NEW
MSG-000266,TXN-000266,COURSE_ENROLLED,ACADEMICS,2026-09-02T18:15:54+00:00,,1,NEW
MSG-000267,TXN-000267,MARK_UPDATED,ACADEMICS,2026-09-02T18:23:23+00:00,,1,NEW
MSG-000268,TXN-000268,FEE_PAYMENT,FINANCE,2026-09-02T18:30:47+00:00,25000.0,1,NEW
MSG-000269,TXN-000269,ADMISSION_CREATED,ADMISSIONS,2026-09-02T18:38:08+00:00,,1,NEW
MSG-000270,TXN-000270,MARK_UPDATED,ACADEMICS,2026-09-02T18:45:31+00:00,,1,NEW
MSG-000271,TXN-000271,FEE_PAYMENT,FINANCE,2026-09-02T18:53:01+00:00,10000.0,1,NEW
MSG-000272,TXN-000272,FEE_PAYMENT,FINANCE,2026-09-02T19:00:42+00:00,5000.0,1,NEW
MSG-000273,TXN-000273,ADMISSION_CREATED,ADMISSIONS,2026-09-02T19:07:55+00:00,,1,NEW
MSG-000274,TXN-000274,COURSE_ENROLLED,ACADEMICS,2026-09-02T19:15:53+00:00,,1,NEW
MSG-000275,TXN-000275,FEE_PAYMENT,FINANCE,2026-09-02T19:23:09+00:00,3000.0,1,NEW
MSG-000895,TXN-000132,ADMISSION_CREATED,ADMISSIONS,2026-09-02T19:30:02+00:00,,1,NEW
MSG-000276,TXN-000276,ADMISSION_CREATED,ADMISSIONS,2026-09-02T19:30:58+00:00,,1,NEW
MSG-000277,TXN-000277,FEE_PAYMENT,FINANCE,2026-09-02T19:38:12+00:00,15000.0,1,NEW
MSG-000278,TXN-000278,FEE_PAYMENT,FINANCE,2026-09-02T19:45:27+00:00,25000.0,1,NEW
MSG-000279,TXN-000279,FEE_PAYMENT,FINANCE,2026-09-02T19:52:41+00:00,10000.0,1,NEW
MSG-000280,TXN-000280,FEE_PAYMENT,FINANCE,2026-09-02T20:00:20+00:00,10000.0,1,NEW
MSG-000281,TXN-000281,FEE_PAYMENT,FINANCE,2026-09-02T20:07:51+00:00,5000.0,1,NEW
MSG-000282,TXN-000282,COURSE_ENROLLED,ACADEMICS,2026-09-02T20:15:24+00:00,,1,NEW
MSG-000283,TXN-000283,FEE_PAYMENT,FINANCE,2026-09-02T20:22:56+00:00,50000.0,1,NEW
MSG-000284,TXN-000284,FEE_PAYMENT,FINANCE,2026-09-02T20:30:30+00:00,1500.0,1,NEW
MSG-000285,TXN-000285,FEE_PAYMENT,FINANCE,2026-09-02T20:37:33+00:00,15000.0,1,NEW
MSG-000893,TXN-000045,FEE_PAYMENT,FINANCE,2026-09-02T20:38:04+00:00,15000.0,1,NEW
MSG-000286,TXN-000286,ALUMNI_UPDATED,ALUMNI,2026-09-02T20:45:22+00:00,,1,NEW
MSG-000806,TXN-000286,ALUMNI_UPDATED,ALUMNI,2026-09-02T20:46:34+00:00,,1,NEW
MSG-000287,TXN-000287,FEE_PAYMENT,FINANCE,2026-09-02T20:53:19+00:00,1500.0,1,NEW
MSG-000288,TXN-000288,ALUMNI_UPDATED,ALUMNI,2026-09-02T21:00:02+00:00,,1,NEW
MSG-000289,TXN-000289,COURSE_ENROLLED,ACADEMICS,2026-09-02T21:08:30+00:00,,1,NEW
MSG-000290,TXN-000290,FEE_PAYMENT,FINANCE,2026-09-02T21:15:01+00:00,50000.0,1,NEW
MSG-000291,TXN-000291,ADMISSION_CREATED,ADMISSIONS,2026-09-02T21:22:45+00:00,,1,NEW
MSG-000292,TXN-000292,FEE_PAYMENT,FINANCE,2026-09-02T21:30:07+00:00,25000.0,1,NEW
MSG-000293,TXN-000293,ADMISSION_CREATED,ADMISSIONS,2026-09-02T21:37:43+00:00,,1,NEW
MSG-000294,TXN-000294,FEE_PAYMENT,FINANCE,2026-09-02T21:45:49+00:00,5000.0,1,NEW
MSG-000295,TXN-000295,FEE_PAYMENT,FINANCE,2026-09-02T21:53:08+00:00,15000.0,1,NEW
MSG-000295,TXN-000295,FEE_PAYMENT,FINANCE,2026-09-02T21:53:19+00:00,15000.0,1,NEW
MSG-000296,TXN-000296,ALUMNI_UPDATED,ALUMNI,2026-09-02T22:00:45+00:00,,1,NEW
MSG-000819,TXN-000064,MARK_UPDATED,ACADEMICS,2026-09-02T22:00:55+00:00,,1,NEW
MSG-000296,TXN-000296,ALUMNI_UPDATED,ALUMNI,2026-09-02T22:00:56+00:00,,1,NEW
MSG-000297,TXN-000297,FEE_PAYMENT,FINANCE,2026-09-02T22:07:40+00:00,50000.0,1,NEW
MSG-000297,TXN-000297,FEE_PAYMENT,FINANCE,2026-09-02T22:08:21+00:00,50000.0,1,NEW
MSG-000298,TXN-000298,ALUMNI_UPDATED,ALUMNI,2026-09-02T22:15:06+00:00,,1,NEW
MSG-000298,TXN-000298,ALUMNI_UPDATED,ALUMNI,2026-09-02T22:15:47+00:00,,1,NEW
MSG-000299,TXN-000299,ADMISSION_CREATED,ADMISSIONS,2026-09-02T22:23:29+00:00,,1,NEW
MSG-000300,TXN-000300,FEE_PAYMENT,FINANCE,2026-09-02T22:30:58+00:00,25000.0,1,NEW
MSG-000301,TXN-000301,ALUMNI_UPDATED,ALUMNI,2026-09-02T22:37:55+00:00,,1,NEW
MSG-000302,TXN-000302,MARK_UPDATED,ACADEMICS,2026-09-02T22:45:12+00:00,,1,NEW
MSG-000303,TXN-000303,FEE_PAYMENT,FINANCE,2026-09-02T22:53:23+00:00,25000.0,1,NEW
MSG-000304,TXN-000304,ADMISSION_CREATED,ADMISSIONS,2026-09-02T23:00:06+00:00,,1,NEW
MSG-000305,TXN-000305,ADMISSION_CREATED,ADMISSIONS,2026-09-02T23:07:49+00:00,,1,NEW
MSG-000306,TXN-000306,MARK_UPDATED,ACADEMICS,2026-09-02T23:15:38+00:00,,1,NEW
MSG-000307,TXN-000307,COURSE_ENROLLED,ACADEMICS,2026-09-02T23:23:20+00:00,,1,NEW
MSG-000307,TXN-000307,COURSE_ENROLLED,ACADEMICS,2026-09-02T23:23:28+00:00,,1,NEW
MSG-000308,TXN-000308,ALUMNI_UPDATED,ALUMNI,2026-09-02T23:30:50+00:00,,1,NEW
MSG-000309,TXN-000309,FEE_PAYMENT,FINANCE,2026-09-02T23:37:57+00:00,15000.0,1,NEW
MSG-000310,TXN-000310,ADMISSION_CREATED,ADMISSIONS,2026-09-02T23:45:04+00:00,,1,NEW
MSG-000813,TXN-000310,ADMISSION_CREATED,ADMISSIONS,2026-09-02T23:47:37+00:00,,1,NEW
MSG-000311,TXN-000311,ADMISSION_CREATED,ADMISSIONS,2026-09-02T23:52:51+00:00,,1,NEW
MSG-000312,TXN-000312,FEE_PAYMENT,FINANCE,2026-09-03T00:00:52+00:00,10000.0,1,NEW
MSG-000313,TXN-000313,FEE_PAYMENT,FINANCE,2026-09-03T00:07:53+00:00,10000.0,1,NEW
MSG-000314,TXN-000314,ADMISSION_CREATED,ADMISSIONS,2026-09-03T00:15:53+00:00,,1,NEW
MSG-000315,TXN-000315,FEE_PAYMENT,FINANCE,2026-09-03T00:22:57+00:00,3000.0,1,NEW
MSG-000316,TXN-000316,FEE_PAYMENT,FINANCE,2026-09-03T00:30:41+00:00,15000.0,1,NEW
MSG-000317,TXN-000317,FEE_PAYMENT,FINANCE,2026-09-03T00:38:28+00:00,50000.0,1,NEW
MSG-000318,TXN-000318,ADMISSION_CREATED,ADMISSIONS,2026-09-03T00:45:30+00:00,,1,NEW
MSG-000319,TXN-000319,FEE_PAYMENT,FINANCE,2026-09-03T00:53:16+00:00,50000.0,1,NEW
MSG-000847,TXN-000319,FEE_PAYMENT,FINANCE,2026-09-03T00:54:54+00:00,50000.0,1,NEW
MSG-000320,TXN-000320,ADMISSION_CREATED,ADMISSIONS,2026-09-03T01:00:20+00:00,,1,NEW
MSG-000321,TXN-000321,MARK_UPDATED,ACADEMICS,2026-09-03T01:08:23+00:00,,1,NEW
MSG-000322,TXN-000322,MARK_UPDATED,ACADEMICS,2026-09-03T01:15:17+00:00,,1,NEW
MSG-000323,TXN-000323,MARK_UPDATED,ACADEMICS,2026-09-03T01:22:45+00:00,,1,NEW
MSG-000324,TXN-000324,COURSE_ENROLLED,ACADEMICS,2026-09-03T01:30:36+00:00,,1,NEW
MSG-000325,TXN-000325,ADMISSION_CREATED,ADMISSIONS,2026-09-03T01:37:54+00:00,,1,NEW
MSG-000903,TXN-000101,ADMISSION_CREATED,ADMISSIONS,2026-09-03T01:38:11+00:00,,1,NEW
MSG-000832,TXN-000061,FEE_PAYMENT,FINANCE,2026-09-03T01:38:26+00:00,25000.0,1,NEW
MSG-000326,TXN-000326,FEE_PAYMENT,FINANCE,2026-09-03T01:45:54+00:00,10000.0,1,NEW
MSG-000327,TXN-000327,FEE_PAYMENT,FINANCE,2026-09-03T01:52:43+00:00,10000.0,1,NEW
MSG-000906,TXN-000135,ADMISSION_CREATED,ADMISSIONS,2026-09-03T01:53:29+00:00,,1,NEW
MSG-000328,TXN-000328,FEE_PAYMENT,FINANCE,2026-09-03T02:00:21+00:00,5000.0,1,NEW
MSG-000329,TXN-000329,FEE_PAYMENT,FINANCE,2026-09-03T02:08:14+00:00,15000.0,1,NEW
MSG-000330,TXN-000330,MARK_UPDATED,ACADEMICS,2026-09-03T02:15:35+00:00,,1,NEW
MSG-000331,TXN-000331,FEE_PAYMENT,FINANCE,2026-09-03T02:22:35+00:00,3000.0,1,NEW
MSG-000332,TXN-000332,FEE_PAYMENT,FINANCE,2026-09-03T02:30:31+00:00,10000.0,1,NEW
MSG-000333,TXN-000333,ADMISSION_CREATED,ADMISSIONS,2026-09-03T02:37:45+00:00,,1,NEW
MSG-000334,TXN-000334,ADMISSION_CREATED,ADMISSIONS,2026-09-03T02:45:41+00:00,,1,NEW
MSG-000334,TXN-000334,ADMISSION_CREATED,ADMISSIONS,2026-09-03T02:46:02+00:00,,1,NEW
MSG-000335,TXN-000335,COURSE_ENROLLED,ACADEMICS,2026-09-03T02:52:58+00:00,,1,NEW
MSG-000336,TXN-000336,COURSE_ENROLLED,ACADEMICS,2026-09-03T03:00:05+00:00,,1,NEW
MSG-000337,TXN-000337,FEE_PAYMENT,FINANCE,2026-09-03T03:08:14+00:00,10000.0,1,NEW
MSG-000338,TXN-000338,FEE_PAYMENT,FINANCE,2026-09-03T03:15:37+00:00,25000.0,1,NEW
MSG-000339,TXN-000339,FEE_PAYMENT,FINANCE,2026-09-03T03:23:03+00:00,15000.0,1,NEW
MSG-000340,TXN-000340,FEE_PAYMENT,FINANCE,2026-09-03T03:30:35+00:00,25000.0,1,NEW
MSG-000341,TXN-000341,FEE_PAYMENT,FINANCE,2026-09-03T03:37:59+00:00,25000.0,1,NEW
MSG-000341,TXN-000341,FEE_PAYMENT,FINANCE,2026-09-03T03:38:06+00:00,25000.0,1,NEW
MSG-000342,TXN-000342,FEE_PAYMENT,FINANCE,2026-09-03T03:45:14+00:00,5000.0,1,NEW
MSG-000343,TXN-000343,FEE_PAYMENT,FINANCE,2026-09-03T03:52:50+00:00,3000.0,1,NEW
MSG-000344,TXN-000344,FEE_PAYMENT,FINANCE,2026-09-03T04:01:00+00:00,15000.0,1,NEW
MSG-000345,TXN-000345,COURSE_ENROLLED,ACADEMICS,2026-09-03T04:07:41+00:00,,1,NEW
MSG-000346,TXN-000346,FEE_PAYMENT,FINANCE,2026-09-03T04:15:30+00:00,25000.0,1,NEW
MSG-000347,TXN-000347,FEE_PAYMENT,FINANCE,2026-09-03T04:23:18+00:00,15000.0,1,NEW
MSG-000891,TXN-000347,FEE_PAYMENT,FINANCE,2026-09-03T04:27:39+00:00,15000.0,1,NEW
MSG-000348,TXN-000348,ADMISSION_CREATED,ADMISSIONS,2026-09-03T04:30:18+00:00,,1,NEW
MSG-000349,TXN-000349,ALUMNI_UPDATED,ALUMNI,2026-09-03T04:38:23+00:00,,1,NEW
MSG-000350,TXN-000350,FEE_PAYMENT,FINANCE,2026-09-03T04:45:23+00:00,3000.0,1,NEW
MSG-000351,TXN-000351,FEE_PAYMENT,FINANCE,2026-09-03T04:53:15+00:00,1500.0,1,NEW
MSG-000352,TXN-000352,ADMISSION_CREATED,ADMISSIONS,2026-09-03T05:00:17+00:00,,1,NEW
MSG-000352,TXN-000352,ADMISSION_CREATED,ADMISSIONS,2026-09-03T05:00:52+00:00,,1,NEW
MSG-000353,TXN-000353,FEE_PAYMENT,FINANCE,2026-09-03T05:08:05+00:00,1500.0,1,NEW
MSG-000354,TXN-000354,FEE_PAYMENT,FINANCE,2026-09-03T05:15:40+00:00,3000.0,1,NEW
MSG-000355,TXN-000355,MARK_UPDATED,ACADEMICS,2026-09-03T05:23:01+00:00,,1,NEW
MSG-000356,TXN-000356,FEE_PAYMENT,FINANCE,2026-09-03T05:30:36+00:00,1500.0,1,NEW
MSG-000357,TXN-000357,FEE_PAYMENT,FINANCE,2026-09-03T05:37:58+00:00,10000.0,1,NEW
MSG-000864,TXN-000357,FEE_PAYMENT,FINANCE,2026-09-03T05:42:15+00:00,10000.0,1,NEW
MSG-000358,TXN-000358,FEE_PAYMENT,FINANCE,2026-09-03T05:45:16+00:00,1500.0,1,NEW
MSG-000856,TXN-000358,FEE_PAYMENT,FINANCE,2026-09-03T05:47:00+00:00,1500.0,1,NEW
MSG-000359,TXN-000359,MARK_UPDATED,ACADEMICS,2026-09-03T05:53:00+00:00,,1,NEW
MSG-000360,TXN-000360,FEE_PAYMENT,FINANCE,2026-09-03T06:00:25+00:00,1500.0,1,NEW
MSG-000360,TXN-000360,FEE_PAYMENT,FINANCE,2026-09-03T06:00:48+00:00,1500.0,1,NEW
MSG-000361,TXN-000361,FEE_PAYMENT,FINANCE,2026-09-03T06:08:10+00:00,15000.0,1,NEW
MSG-000362,TXN-000362,ADMISSION_CREATED,ADMISSIONS,2026-09-03T06:15:09+00:00,,1,NEW
MSG-000862,TXN-000362,ADMISSION_CREATED,ADMISSIONS,2026-09-03T06:18:31+00:00,,1,NEW
MSG-000363,TXN-000363,FEE_PAYMENT,FINANCE,2026-09-03T06:23:30+00:00,15000.0,1,NEW
MSG-000364,TXN-000364,FEE_PAYMENT,FINANCE,2026-09-03T06:30:07+00:00,3000.0,1,NEW
MSG-000365,TXN-000365,ADMISSION_CREATED,ADMISSIONS,2026-09-03T06:37:56+00:00,,1,NEW
MSG-000366,TXN-000366,ADMISSION_CREATED,ADMISSIONS,2026-09-03T06:45:50+00:00,,1,NEW
MSG-000367,TXN-000367,ADMISSION_CREATED,ADMISSIONS,2026-09-03T06:53:19+00:00,,1,NEW
MSG-000368,TXN-000368,ADMISSION_CREATED,ADMISSIONS,2026-09-03T07:00:28+00:00,,1,NEW
MSG-000369,TXN-000369,MARK_UPDATED,ACADEMICS,2026-09-03T07:07:49+00:00,,1,NEW
MSG-000370,TXN-000370,MARK_UPDATED,ACADEMICS,2026-09-03T07:15:27+00:00,,1,NEW
MSG-000371,TXN-000371,FEE_PAYMENT,FINANCE,2026-09-03T07:22:33+00:00,15000.0,1,NEW
MSG-000372,TXN-000372,ADMISSION_CREATED,ADMISSIONS,2026-09-03T07:30:47+00:00,,1,NEW
MSG-000373,TXN-000373,FEE_PAYMENT,FINANCE,2026-09-03T07:37:43+00:00,50000.0,1,NEW
MSG-000374,TXN-000374,ADMISSION_CREATED,ADMISSIONS,2026-09-03T07:45:16+00:00,,1,NEW
MSG-000374,TXN-000374,ADMISSION_CREATED,ADMISSIONS,2026-09-03T07:45:57+00:00,,1,NEW
MSG-000375,TXN-000375,ADMISSION_CREATED,ADMISSIONS,2026-09-03T07:52:40+00:00,,1,NEW
MSG-000376,TXN-000376,FEE_PAYMENT,FINANCE,2026-09-03T08:00:04+00:00,15000.0,1,NEW
MSG-000377,TXN-000377,FEE_PAYMENT,FINANCE,2026-09-03T08:07:58+00:00,10000.0,1,NEW
MSG-000378,TXN-000378,ADMISSION_CREATED,ADMISSIONS,2026-09-03T08:15:30+00:00,,1,NEW
MSG-000379,TXN-000379,FEE_PAYMENT,FINANCE,2026-09-03T08:22:48+00:00,3000.0,1,NEW
MSG-000380,TXN-000380,COURSE_ENROLLED,ACADEMICS,2026-09-03T08:30:44+00:00,,1,NEW
MSG-000381,TXN-000381,MARK_UPDATED,ACADEMICS,2026-09-03T08:37:34+00:00,,1,NEW
MSG-000931,TXN-000214,FEE_PAYMENT,FINANCE,2026-09-03T08:45:00+00:00,50000.0,1,NEW
MSG-000382,TXN-000382,ADMISSION_CREATED,ADMISSIONS,2026-09-03T08:45:59+00:00,,1,NEW
MSG-000383,TXN-000383,FEE_PAYMENT,FINANCE,2026-09-03T08:53:10+00:00,50000.0,1,NEW
MSG-000384,TXN-000384,ADMISSION_CREATED,ADMISSIONS,2026-09-03T09:00:51+00:00,,1,NEW
MSG-000929,TXN-000105,FEE_PAYMENT,FINANCE,2026-09-03T09:07:41+00:00,10000.0,1,NEW
MSG-000385,TXN-000385,MARK_UPDATED,ACADEMICS,2026-09-03T09:07:57+00:00,,1,NEW
MSG-000386,TXN-000386,FEE_PAYMENT,FINANCE,2026-09-03T09:15:41+00:00,3000.0,1,NEW
MSG-000387,TXN-000387,FEE_PAYMENT,FINANCE,2026-09-03T09:23:22+00:00,5000.0,1,NEW
MSG-000388,TXN-000388,FEE_PAYMENT,FINANCE,2026-09-03T09:30:10+00:00,1500.0,1,NEW
MSG-000388,TXN-000388,FEE_PAYMENT,FINANCE,2026-09-03T09:30:44+00:00,1500.0,1,NEW
MSG-000389,TXN-000389,COURSE_ENROLLED,ACADEMICS,2026-09-03T09:38:08+00:00,,1,NEW
MSG-000840,TXN-000054,ALUMNI_UPDATED,ALUMNI,2026-09-03T09:45:33+00:00,,1,NEW
MSG-000390,TXN-000390,COURSE_ENROLLED,ACADEMICS,2026-09-03T09:45:36+00:00,,1,NEW
MSG-000391,TXN-000391,MARK_UPDATED,ACADEMICS,2026-09-03T09:52:58+00:00,,1,NEW
MSG-000392,TXN-000392,FEE_PAYMENT,FINANCE,2026-09-03T10:00:19+00:00,25000.0,1,NEW
MSG-000393,TXN-000393,ADMISSION_CREATED,ADMISSIONS,2026-09-03T10:08:30+00:00,,1,NEW
MSG-000394,TXN-000394,FEE_PAYMENT,FINANCE,2026-09-03T10:15:31+00:00,15000.0,1,NEW
MSG-000395,TXN-000395,FEE_PAYMENT,FINANCE,2026-09-03T10:22:32+00:00,15000.0,1,NEW
MSG-000396,TXN-000396,MARK_UPDATED,ACADEMICS,2026-09-03T10:30:47+00:00,,1,NEW
MSG-000889,TXN-000276,ADMISSION_CREATED,ADMISSIONS,2026-09-03T10:30:58+00:00,,1,NEW
MSG-000397,TXN-000397,FEE_PAYMENT,FINANCE,2026-09-03T10:37:31+00:00,5000.0,1,NEW
MSG-000397,TXN-000397,FEE_PAYMENT,FINANCE,2026-09-03T10:38:12+00:00,5000.0,1,NEW
MSG-000398,TXN-000398,FEE_PAYMENT,FINANCE,2026-09-03T10:45:53+00:00,25000.0,1,NEW
MSG-000932,TXN-000078,FEE_PAYMENT,FINANCE,2026-09-03T10:46:00+00:00,10000.0,1,NEW
MSG-000399,TXN-000399,MARK_UPDATED,ACADEMICS,2026-09-03T10:53:07+00:00,,1,NEW
MSG-000400,TXN-000400,ALUMNI_UPDATED,ALUMNI,2026-09-03T11:00:48+00:00,,1,NEW
MSG-000401,TXN-000401,ADMISSION_CREATED,ADMISSIONS,2026-09-03T11:07:47+00:00,,1,NEW
MSG-000402,TXN-000402,ADMISSION_CREATED,ADMISSIONS,2026-09-03T11:15:48+00:00,,1,NEW
MSG-000403,TXN-000403,COURSE_ENROLLED,ACADEMICS,2026-09-03T11:23:00+00:00,,1,NEW
MSG-000905,TXN-000403,COURSE_ENROLLED,ACADEMICS,2026-09-03T11:26:25+00:00,,1,NEW
MSG-000404,TXN-000404,ADMISSION_CREATED,ADMISSIONS,2026-09-03T11:30:28+00:00,,1,NEW
MSG-000405,TXN-000405,MARK_UPDATED,ACADEMICS,2026-09-03T11:37:41+00:00,,1,NEW
MSG-000406,TXN-000406,ALUMNI_UPDATED,ALUMNI,2026-09-03T11:45:27+00:00,,1,NEW
MSG-000407,TXN-000407,ADMISSION_CREATED,ADMISSIONS,2026-09-03T11:53:01+00:00,,1,NEW
MSG-000408,TXN-000408,ALUMNI_UPDATED,ALUMNI,2026-09-03T12:00:30+00:00,,1,NEW
MSG-000875,TXN-000408,ALUMNI_UPDATED,ALUMNI,2026-09-03T12:05:26+00:00,,1,NEW
MSG-000409,TXN-000409,FEE_PAYMENT,FINANCE,2026-09-03T12:07:50+00:00,5000.0,1,NEW
MSG-000410,TXN-000410,ADMISSION_CREATED,ADMISSIONS,2026-09-03T12:15:54+00:00,,1,NEW
MSG-000411,TXN-000411,FEE_PAYMENT,FINANCE,2026-09-03T12:23:14+00:00,10000.0,1,NEW
MSG-000412,TXN-000412,FEE_PAYMENT,FINANCE,2026-09-03T12:31:00+00:00,25000.0,1,NEW
MSG-000413,TXN-000413,FEE_PAYMENT,FINANCE,2026-09-03T12:38:05+00:00,50000.0,1,NEW
MSG-000802,TXN-000413,FEE_PAYMENT,FINANCE,2026-09-03T12:41:12+00:00,50000.0,1,NEW
MSG-000414,TXN-000414,FEE_PAYMENT,FINANCE,2026-09-03T12:45:20+00:00,1500.0,1,NEW
MSG-000415,TXN-000415,FEE_PAYMENT,FINANCE,2026-09-03T12:53:19+00:00,1500.0,1,NEW
MSG-000416,TXN-000416,FEE_PAYMENT,FINANCE,2026-09-03T13:00:52+00:00,15000.0,1,NEW
MSG-000816,TXN-000416,FEE_PAYMENT,FINANCE,2026-09-03T13:02:10+00:00,15000.0,1,NEW
MSG-000417,TXN-000417,ALUMNI_UPDATED,ALUMNI,2026-09-03T13:08:12+00:00,,1,NEW
MSG-000418,TXN-000418,MARK_UPDATED,ACADEMICS,2026-09-03T13:15:29+00:00,,1,NEW
MSG-000419,TXN-000419,FEE_PAYMENT,FINANCE,2026-09-03T13:23:03+00:00,3000.0,1,NEW
MSG-000907,TXN-000124,COURSE_ENROLLED,ACADEMICS,2026-09-03T13:30:03+00:00,,1,NEW
MSG-000420,TXN-000420,FEE_PAYMENT,FINANCE,2026-09-03T13:30:31+00:00,50000.0,1,NEW
MSG-000421,TXN-000421,ADMISSION_CREATED,ADMISSIONS,2026-09-03T13:38:18+00:00,,1,NEW
MSG-000884,TXN-000421,ADMISSION_CREATED,ADMISSIONS,2026-09-03T13:39:43+00:00,,1,NEW
MSG-000422,TXN-000422,FEE_PAYMENT,FINANCE,2026-09-03T13:45:35+00:00,5000.0,1,NEW
MSG-000423,TXN-000423,FEE_PAYMENT,FINANCE,2026-09-03T13:52:58+00:00,5000.0,1,NEW
MSG-000424,TXN-000424,MARK_UPDATED,ACADEMICS,2026-09-03T14:00:31+00:00,,1,NEW
MSG-000846,TXN-000424,MARK_UPDATED,ACADEMICS,2026-09-03T14:02:51+00:00,,1,NEW
MSG-000425,TXN-000425,FEE_PAYMENT,FINANCE,2026-09-03T14:08:08+00:00,25000.0,1,NEW
MSG-000426,TXN-000426,COURSE_ENROLLED,ACADEMICS,2026-09-03T14:15:45+00:00,,1,NEW
MSG-000427,TXN-000427,FEE_PAYMENT,FINANCE,2026-09-03T14:22:30+00:00,15000.0,1,NEW
MSG-000849,TXN-000091,FEE_PAYMENT,FINANCE,2026-09-03T14:22:45+00:00,15000.0,1,NEW
MSG-000427,TXN-000427,FEE_PAYMENT,FINANCE,2026-09-03T14:22:56+00:00,15000.0,1,NEW
MSG-000904,TXN-000243,COURSE_ENROLLED,ACADEMICS,2026-09-03T14:22:58+00:00,,1,NEW
MSG-000428,TXN-000428,ADMISSION_CREATED,ADMISSIONS,2026-09-03T14:30:05+00:00,,1,NEW
MSG-000429,TXN-000429,FEE_PAYMENT,FINANCE,2026-09-03T14:38:28+00:00,50000.0,1,NEW
MSG-000430,TXN-000430,FEE_PAYMENT,FINANCE,2026-09-03T14:45:41+00:00,1500.0,1,NEW
MSG-000431,TXN-000431,COURSE_ENROLLED,ACADEMICS,2026-09-03T14:53:01+00:00,,1,NEW
MSG-000432,TXN-000432,MARK_UPDATED,ACADEMICS,2026-09-03T15:00:18+00:00,,1,NEW
MSG-000433,TXN-000433,ADMISSION_CREATED,ADMISSIONS,2026-09-03T15:07:47+00:00,,1,NEW
MSG-000434,TXN-000434,FEE_PAYMENT,FINANCE,2026-09-03T15:15:30+00:00,10000.0,1,NEW
MSG-000435,TXN-000435,FEE_PAYMENT,FINANCE,2026-09-03T15:22:39+00:00,15000.0,1,NEW
MSG-000435,TXN-000435,FEE_PAYMENT,FINANCE,2026-09-03T15:22:49+00:00,15000.0,1,NEW
MSG-000861,TXN-000099,FEE_PAYMENT,FINANCE,2026-09-03T15:23:25+00:00,10000.0,1,NEW
MSG-000436,TXN-000436,FEE_PAYMENT,FINANCE,2026-09-03T15:30:32+00:00,15000.0,1,NEW
MSG-000437,TXN-000437,COURSE_ENROLLED,ACADEMICS,2026-09-03T15:37:38+00:00,,1,NEW
MSG-000821,TXN-000437,COURSE_ENROLLED,ACADEMICS,2026-09-03T15:40:13+00:00,,1,NEW
MSG-000438,TXN-000438,MARK_UPDATED,ACADEMICS,2026-09-03T15:45:17+00:00,,1,NEW
MSG-000439,TXN-000439,COURSE_ENROLLED,ACADEMICS,2026-09-03T15:53:24+00:00,,1,NEW
MSG-000440,TXN-000440,FEE_PAYMENT,FINANCE,2026-09-03T16:00:32+00:00,50000.0,1,NEW
MSG-000441,TXN-000441,FEE_PAYMENT,FINANCE,2026-09-03T16:07:48+00:00,1500.0,1,NEW
MSG-000442,TXN-000442,COURSE_ENROLLED,ACADEMICS,2026-09-03T16:15:53+00:00,,1,NEW
MSG-000442,TXN-000442,COURSE_ENROLLED,ACADEMICS,2026-09-03T16:16:01+00:00,,1,NEW
MSG-000443,TXN-000443,ADMISSION_CREATED,ADMISSIONS,2026-09-03T16:23:12+00:00,,1,NEW
MSG-000444,TXN-000444,FEE_PAYMENT,FINANCE,2026-09-03T16:30:28+00:00,3000.0,1,NEW
MSG-000924,TXN-000164,FEE_PAYMENT,FINANCE,2026-09-03T16:31:00+00:00,1500.0,1,NEW
MSG-000445,TXN-000445,ADMISSION_CREATED,ADMISSIONS,2026-09-03T16:37:52+00:00,,1,NEW
MSG-000446,TXN-000446,FEE_PAYMENT,FINANCE,2026-09-03T16:45:34+00:00,50000.0,1,NEW
MSG-000447,TXN-000447,FEE_PAYMENT,FINANCE,2026-09-03T16:53:25+00:00,5000.0,1,NEW
MSG-000448,TXN-000448,FEE_PAYMENT,FINANCE,2026-09-03T17:00:15+00:00,25000.0,1,NEW
MSG-000449,TXN-000449,ADMISSION_CREATED,ADMISSIONS,2026-09-03T17:07:44+00:00,,1,NEW
MSG-000450,TXN-000450,MARK_UPDATED,ACADEMICS,2026-09-03T17:15:26+00:00,,1,NEW
MSG-000450,TXN-000450,MARK_UPDATED,ACADEMICS,2026-09-03T17:15:34+00:00,,1,NEW
MSG-000451,TXN-000451,FEE_PAYMENT,FINANCE,2026-09-03T17:23:00+00:00,25000.0,1,NEW
MSG-000451,TXN-000451,FEE_PAYMENT,FINANCE,2026-09-03T17:23:35+00:00,25000.0,1,NEW
MSG-000452,TXN-000452,COURSE_ENROLLED,ACADEMICS,2026-09-03T17:30:51+00:00,,1,NEW
MSG-000453,TXN-000453,FEE_PAYMENT,FINANCE,2026-09-03T17:38:20+00:00,25000.0,1,NEW
MSG-000454,TXN-000454,COURSE_ENROLLED,ACADEMICS,2026-09-03T17:45:09+00:00,,1,NEW
MSG-000455,TXN-000455,FEE_PAYMENT,FINANCE,2026-09-03T17:52:38+00:00,1500.0,1,NEW
MSG-000456,TXN-000456,ADMISSION_CREATED,ADMISSIONS,2026-09-03T18:00:37+00:00,,1,NEW
MSG-000457,TXN-000457,FEE_PAYMENT,FINANCE,2026-09-03T18:08:25+00:00,1500.0,1,NEW
MSG-000458,TXN-000458,COURSE_ENROLLED,ACADEMICS,2026-09-03T18:15:06+00:00,,1,NEW
MSG-000459,TXN-000459,ADMISSION_CREATED,ADMISSIONS,2026-09-03T18:22:59+00:00,,1,NEW
MSG-000460,TXN-000460,FEE_PAYMENT,FINANCE,2026-09-03T18:30:26+00:00,3000.0,1,NEW
MSG-000460,TXN-000460,FEE_PAYMENT,FINANCE,2026-09-03T18:30:32+00:00,3000.0,1,NEW
MSG-000461,TXN-000461,MARK_UPDATED,ACADEMICS,2026-09-03T18:37:39+00:00,,1,NEW
MSG-000462,TXN-000462,FEE_PAYMENT,FINANCE,2026-09-03T18:45:16+00:00,50000.0,1,NEW
MSG-000913,TXN-000462,FEE_PAYMENT,FINANCE,2026-09-03T18:47:40+00:00,50000.0,1,NEW
MSG-000463,TXN-000463,FEE_PAYMENT,FINANCE,2026-09-03T18:52:55+00:00,25000.0,1,NEW
MSG-000464,TXN-000464,ADMISSION_CREATED,ADMISSIONS,2026-09-03T19:00:54+00:00,,1,NEW
MSG-000465,TXN-000465,FEE_PAYMENT,FINANCE,2026-09-03T19:08:24+00:00,25000.0,1,NEW
MSG-000466,TXN-000466,ADMISSION_CREATED,ADMISSIONS,2026-09-03T19:15:20+00:00,,1,NEW
MSG-000467,TXN-000467,ADMISSION_CREATED,ADMISSIONS,2026-09-03T19:23:26+00:00,,1,NEW
MSG-000468,TXN-000468,COURSE_ENROLLED,ACADEMICS,2026-09-03T19:30:55+00:00,,1,NEW
MSG-000469,TXN-000469,ADMISSION_CREATED,ADMISSIONS,2026-09-03T19:38:09+00:00,,1,NEW
MSG-000470,TXN-000470,FEE_PAYMENT,FINANCE,2026-09-03T19:45:43+00:00,25000.0,1,NEW
MSG-000471,TXN-000471,MARK_UPDATED,ACADEMICS,2026-09-03T19:52:44+00:00,,1,NEW
MSG-000472,TXN-000472,COURSE_ENROLLED,ACADEMICS,2026-09-03T20:00:27+00:00,,1,NEW
MSG-000473,TXN-000473,ALUMNI_UPDATED,ALUMNI,2026-09-03T20:08:18+00:00,,1,NEW
MSG-000474,TXN-000474,ADMISSION_CREATED,ADMISSIONS,2026-09-03T20:15:55+00:00,,1,NEW
MSG-000475,TXN-000475,FEE_PAYMENT,FINANCE,2026-09-03T20:23:14+00:00,3000.0,1,NEW
MSG-000476,TXN-000476,FEE_PAYMENT,FINANCE,2026-09-03T20:30:02+00:00,1500.0,1,NEW
MSG-000830,TXN-000220,MARK_UPDATED,ACADEMICS,2026-09-03T20:30:50+00:00,,1,NEW
MSG-000477,TXN-000477,FEE_PAYMENT,FINANCE,2026-09-03T20:37:48+00:00,1500.0,1,NEW
MSG-000478,TXN-000478,FEE_PAYMENT,FINANCE,2026-09-03T20:45:09+00:00,10000.0,1,NEW
MSG-000922,TXN-000238,FEE_PAYMENT,FINANCE,2026-09-03T20:45:15+00:00,15000.0,1,NEW
MSG-000479,TXN-000479,FEE_PAYMENT,FINANCE,2026-09-03T20:53:06+00:00,10000.0,1,NEW
MSG-000480,TXN-000480,ADMISSION_CREATED,ADMISSIONS,2026-09-03T21:00:11+00:00,,1,NEW
MSG-000481,TXN-000481,FEE_PAYMENT,FINANCE,2026-09-03T21:08:09+00:00,1500.0,1,NEW
MSG-000482,TXN-000482,MARK_UPDATED,ACADEMICS,2026-09-03T21:15:39+00:00,,1,NEW
MSG-000483,TXN-000483,ADMISSION_CREATED,ADMISSIONS,2026-09-03T21:23:01+00:00,,1,NEW
MSG-000825,TXN-000483,ADMISSION_CREATED,ADMISSIONS,2026-09-03T21:26:09+00:00,,1,NEW
MSG-000484,TXN-000484,MARK_UPDATED,ACADEMICS,2026-09-03T21:30:09+00:00,,1,NEW
MSG-000485,TXN-000485,FEE_PAYMENT,FINANCE,2026-09-03T21:37:46+00:00,25000.0,1,NEW
MSG-000485,TXN-000485,FEE_PAYMENT,FINANCE,2026-09-03T21:38:24+00:00,25000.0,1,NEW
MSG-000910,TXN-000485,FEE_PAYMENT,FINANCE,2026-09-03T21:41:37+00:00,25000.0,1,NEW
MSG-000486,TXN-000486,FEE_PAYMENT,FINANCE,2026-09-03T21:45:00+00:00,25000.0,1,NEW
MSG-000925,TXN-000486,FEE_PAYMENT,FINANCE,2026-09-03T21:48:59+00:00,25000.0,1,NEW
MSG-000487,TXN-000487,MARK_UPDATED,ACADEMICS,2026-09-03T21:52:59+00:00,,1,NEW
MSG-000487,TXN-000487,MARK_UPDATED,ACADEMICS,2026-09-03T21:53:30+00:00,,1,NEW
MSG-000488,TXN-000488,MARK_UPDATED,ACADEMICS,2026-09-03T22:00:43+00:00,,1,NEW
MSG-000489,TXN-000489,ADMISSION_CREATED,ADMISSIONS,2026-09-03T22:07:34+00:00,,1,NEW
MSG-000490,TXN-000490,FEE_PAYMENT,FINANCE,2026-09-03T22:15:37+00:00,5000.0,1,NEW
MSG-000491,TXN-000491,FEE_PAYMENT,FINANCE,2026-09-03T22:23:14+00:00,10000.0,1,NEW
MSG-000492,TXN-000492,FEE_PAYMENT,FINANCE,2026-09-03T22:30:19+00:00,50000.0,1,NEW
MSG-000493,TXN-000493,FEE_PAYMENT,FINANCE,2026-09-03T22:38:24+00:00,10000.0,1,NEW
MSG-000858,TXN-000229,FEE_PAYMENT,FINANCE,2026-09-03T22:38:26+00:00,10000.0,1,NEW
MSG-000493,TXN-000493,FEE_PAYMENT,FINANCE,2026-09-03T22:39:01+00:00,10000.0,1,NEW
MSG-000494,TXN-000494,FEE_PAYMENT,FINANCE,2026-09-03T22:45:24+00:00,3000.0,1,NEW
MSG-000495,TXN-000495,ADMISSION_CREATED,ADMISSIONS,2026-09-03T22:53:06+00:00,,1,NEW
MSG-000496,TXN-000496,FEE_PAYMENT,FINANCE,2026-09-03T23:00:18+00:00,25000.0,1,NEW
MSG-000855,TXN-000209,FEE_PAYMENT,FINANCE,2026-09-03T23:08:05+00:00,5000.0,1,NEW
MSG-000497,TXN-000497,FEE_PAYMENT,FINANCE,2026-09-03T23:08:12+00:00,50000.0,1,NEW
MSG-000498,TXN-000498,FEE_PAYMENT,FINANCE,2026-09-03T23:15:36+00:00,1500.0,1,NEW
MSG-000499,TXN-000499,MARK_UPDATED,ACADEMICS,2026-09-03T23:23:19+00:00,,1,NEW
MSG-000500,TXN-000500,COURSE_ENROLLED,ACADEMICS,2026-09-03T23:30:03+00:00,,1,NEW
MSG-000501,TXN-000501,MARK_UPDATED,ACADEMICS,2026-09-03T23:38:17+00:00,,1,NEW
MSG-000502,TXN-000502,FEE_PAYMENT,FINANCE,2026-09-03T23:45:49+00:00,5000.0,1,NEW
MSG-000502,TXN-000502,FEE_PAYMENT,FINANCE,2026-09-03T23:46:01+00:00,5000.0,1,NEW
MSG-000503,TXN-000503,COURSE_ENROLLED,ACADEMICS,2026-09-03T23:53:08+00:00,,1,NEW
MSG-000504,TXN-000504,COURSE_ENROLLED,ACADEMICS,2026-09-04T00:00:14+00:00,,1,NEW
MSG-000505,TXN-000505,ADMISSION_CREATED,ADMISSIONS,2026-09-04T00:08:09+00:00,,1,NEW
MSG-000506,TXN-000506,FEE_PAYMENT,FINANCE,2026-09-04T00:15:46+00:00,50000.0,1,NEW
MSG-000507,TXN-000507,COURSE_ENROLLED,ACADEMICS,2026-09-04T00:23:13+00:00,,1,NEW
MSG-000508,TXN-000508,COURSE_ENROLLED,ACADEMICS,2026-09-04T00:30:40+00:00,,1,NEW
MSG-000509,TXN-000509,FEE_PAYMENT,FINANCE,2026-09-04T00:38:11+00:00,25000.0,1,NEW
MSG-000901,TXN-000509,FEE_PAYMENT,FINANCE,2026-09-04T00:39:52+00:00,25000.0,1,NEW
MSG-000852,TXN-000310,ADMISSION_CREATED,ADMISSIONS,2026-09-04T00:45:04+00:00,,1,NEW
MSG-000868,TXN-000278,FEE_PAYMENT,FINANCE,2026-09-04T00:45:27+00:00,25000.0,1,NEW
MSG-000510,TXN-000510,FEE_PAYMENT,FINANCE,2026-09-04T00:45:28+00:00,50000.0,1,NEW
MSG-000511,TXN-000511,FEE_PAYMENT,FINANCE,2026-09-04T00:53:16+00:00,5000.0,1,NEW
MSG-000511,TXN-000511,FEE_PAYMENT,FINANCE,2026-09-04T00:53:39+00:00,5000.0,1,NEW
MSG-000512,TXN-000512,FEE_PAYMENT,FINANCE,2026-09-04T01:00:20+00:00,5000.0,1,NEW
MSG-000513,TXN-000513,COURSE_ENROLLED,ACADEMICS,2026-09-04T01:07:41+00:00,,1,NEW
MSG-000514,TXN-000514,FEE_PAYMENT,FINANCE,2026-09-04T01:15:34+00:00,50000.0,1,NEW
MSG-000514,TXN-000514,FEE_PAYMENT,FINANCE,2026-09-04T01:16:07+00:00,50000.0,1,NEW
MSG-000887,TXN-000514,FEE_PAYMENT,FINANCE,2026-09-04T01:19:20+00:00,50000.0,1,NEW
MSG-000515,TXN-000515,MARK_UPDATED,ACADEMICS,2026-09-04T01:22:53+00:00,,1,NEW
MSG-000516,TXN-000516,ADMISSION_CREATED,ADMISSIONS,2026-09-04T01:30:58+00:00,,1,NEW
MSG-000517,TXN-000517,FEE_PAYMENT,FINANCE,2026-09-04T01:37:46+00:00,3000.0,1,NEW
MSG-000518,TXN-000518,MARK_UPDATED,ACADEMICS,2026-09-04T01:46:00+00:00,,1,NEW
MSG-000519,TXN-000519,FEE_PAYMENT,FINANCE,2026-09-04T01:52:48+00:00,50000.0,1,NEW
MSG-000520,TXN-000520,COURSE_ENROLLED,ACADEMICS,2026-09-04T02:00:21+00:00,,1,NEW
MSG-000848,TXN-000520,COURSE_ENROLLED,ACADEMICS,2026-09-04T02:04:17+00:00,,1,NEW
MSG-000521,TXN-000521,COURSE_ENROLLED,ACADEMICS,2026-09-04T02:07:59+00:00,,1,NEW
MSG-000914,TXN-000521,COURSE_ENROLLED,ACADEMICS,2026-09-04T02:11:28+00:00,,1,NEW
MSG-000522,TXN-000522,ALUMNI_UPDATED,ALUMNI,2026-09-04T02:15:09+00:00,,1,NEW
MSG-000523,TXN-000523,COURSE_ENROLLED,ACADEMICS,2026-09-04T02:22:44+00:00,,1,NEW
MSG-000524,TXN-000524,MARK_UPDATED,ACADEMICS,2026-09-04T02:30:46+00:00,,1,NEW
MSG-000525,TXN-000525,ADMISSION_CREATED,ADMISSIONS,2026-09-04T02:37:55+00:00,,1,NEW
MSG-000526,TXN-000526,ALUMNI_UPDATED,ALUMNI,2026-09-04T02:45:51+00:00,,1,NEW
MSG-000527,TXN-000527,ADMISSION_CREATED,ADMISSIONS,2026-09-04T02:52:35+00:00,,1,NEW
MSG-000908,TXN-000527,ADMISSION_CREATED,ADMISSIONS,2026-09-04T02:55:46+00:00,,1,NEW
MSG-000528,TXN-000528,COURSE_ENROLLED,ACADEMICS,2026-09-04T03:00:00+00:00,,1,NEW
MSG-000529,TXN-000529,FEE_PAYMENT,FINANCE,2026-09-04T03:07:59+00:00,1500.0,1,NEW
MSG-000529,TXN-000529,FEE_PAYMENT,FINANCE,2026-09-04T03:08:16+00:00,1500.0,1,NEW
MSG-000530,TXN-000530,FEE_PAYMENT,FINANCE,2026-09-04T03:15:43+00:00,25000.0,1,NEW
MSG-000531,TXN-000531,FEE_PAYMENT,FINANCE,2026-09-04T03:23:22+00:00,10000.0,1,NEW
MSG-000532,TXN-000532,ADMISSION_CREATED,ADMISSIONS,2026-09-04T03:30:23+00:00,,1,NEW
MSG-000533,TXN-000533,FEE_PAYMENT,FINANCE,2026-09-04T03:38:00+00:00,3000.0,1,NEW
MSG-000534,TXN-000534,FEE_PAYMENT,FINANCE,2026-09-04T03:45:20+00:00,15000.0,1,NEW
MSG-000535,TXN-000535,MARK_UPDATED,ACADEMICS,2026-09-04T03:52:44+00:00,,1,NEW
MSG-000536,TXN-000536,ADMISSION_CREATED,ADMISSIONS,2026-09-04T04:00:40+00:00,,1,NEW
MSG-000537,TXN-000537,COURSE_ENROLLED,ACADEMICS,2026-09-04T04:08:28+00:00,,1,NEW
MSG-000538,TXN-000538,COURSE_ENROLLED,ACADEMICS,2026-09-04T04:15:41+00:00,,1,NEW
MSG-000539,TXN-000539,FEE_PAYMENT,FINANCE,2026-09-04T04:22:32+00:00,3000.0,1,NEW
MSG-000540,TXN-000540,MARK_UPDATED,ACADEMICS,2026-09-04T04:30:19+00:00,,1,NEW
MSG-000541,TXN-000541,ALUMNI_UPDATED,ALUMNI,2026-09-04T04:37:37+00:00,,1,NEW
MSG-000542,TXN-000542,FEE_PAYMENT,FINANCE,2026-09-04T04:45:08+00:00,15000.0,1,NEW
MSG-000543,TXN-000543,FEE_PAYMENT,FINANCE,2026-09-04T04:53:12+00:00,5000.0,1,NEW
MSG-000544,TXN-000544,MARK_UPDATED,ACADEMICS,2026-09-04T05:00:44+00:00,,1,NEW
MSG-000836,TXN-000544,MARK_UPDATED,ACADEMICS,2026-09-04T05:03:45+00:00,,1,NEW
MSG-000545,TXN-000545,MARK_UPDATED,ACADEMICS,2026-09-04T05:07:56+00:00,,1,NEW
MSG-000888,TXN-000545,MARK_UPDATED,ACADEMICS,2026-09-04T05:10:09+00:00,,1,NEW
MSG-000826,TXN-000282,COURSE_ENROLLED,ACADEMICS,2026-09-04T05:15:24+00:00,,1,NEW
MSG-000854,TXN-000210,FEE_PAYMENT,FINANCE,2026-09-04T05:15:42+00:00,10000.0,1,NEW
MSG-000546,TXN-000546,ADMISSION_CREATED,ADMISSIONS,2026-09-04T05:15:46+00:00,,1,NEW
MSG-000546,TXN-000546,ADMISSION_CREATED,ADMISSIONS,2026-09-04T05:16:22+00:00,,1,NEW
MSG-000547,TXN-000547,FEE_PAYMENT,FINANCE,2026-09-04T05:23:11+00:00,10000.0,1,NEW
MSG-000548,TXN-000548,FEE_PAYMENT,FINANCE,2026-09-04T05:30:39+00:00,10000.0,1,NEW
MSG-000549,TXN-000549,FEE_PAYMENT,FINANCE,2026-09-04T05:37:32+00:00,5000.0,1,NEW
MSG-000550,TXN-000550,ADMISSION_CREATED,ADMISSIONS,2026-09-04T05:45:13+00:00,,1,NEW
MSG-000551,TXN-000551,FEE_PAYMENT,FINANCE,2026-09-04T05:53:24+00:00,3000.0,1,NEW
MSG-000552,TXN-000552,FEE_PAYMENT,FINANCE,2026-09-04T06:00:23+00:00,25000.0,1,NEW
MSG-000552,TXN-000552,FEE_PAYMENT,FINANCE,2026-09-04T06:00:36+00:00,25000.0,1,NEW
MSG-000553,TXN-000553,ADMISSION_CREATED,ADMISSIONS,2026-09-04T06:08:11+00:00,,1,NEW
MSG-000554,TXN-000554,FEE_PAYMENT,FINANCE,2026-09-04T06:15:17+00:00,10000.0,1,NEW
MSG-000555,TXN-000555,FEE_PAYMENT,FINANCE,2026-09-04T06:23:30+00:00,1500.0,1,NEW
MSG-000556,TXN-000556,COURSE_ENROLLED,ACADEMICS,2026-09-04T06:30:29+00:00,,1,NEW
MSG-000557,TXN-000557,FEE_PAYMENT,FINANCE,2026-09-04T06:38:11+00:00,3000.0,1,NEW
MSG-000558,TXN-000558,ADMISSION_CREATED,ADMISSIONS,2026-09-04T06:45:01+00:00,,1,NEW
MSG-000559,TXN-000559,FEE_PAYMENT,FINANCE,2026-09-04T06:52:45+00:00,5000.0,1,NEW
MSG-000851,TXN-000400,ALUMNI_UPDATED,ALUMNI,2026-09-04T07:00:48+00:00,,1,NEW
MSG-000560,TXN-000560,ALUMNI_UPDATED,ALUMNI,2026-09-04T07:00:50+00:00,,1,NEW
MSG-000561,TXN-000561,ADMISSION_CREATED,ADMISSIONS,2026-09-04T07:07:34+00:00,,1,NEW
MSG-000562,TXN-000562,COURSE_ENROLLED,ACADEMICS,2026-09-04T07:15:35+00:00,,1,NEW
MSG-000563,TXN-000563,FEE_PAYMENT,FINANCE,2026-09-04T07:23:22+00:00,3000.0,1,NEW
MSG-000564,TXN-000564,MARK_UPDATED,ACADEMICS,2026-09-04T07:30:21+00:00,,1,NEW
MSG-000565,TXN-000565,COURSE_ENROLLED,ACADEMICS,2026-09-04T07:38:20+00:00,,1,NEW
MSG-000566,TXN-000566,MARK_UPDATED,ACADEMICS,2026-09-04T07:45:00+00:00,,1,NEW
MSG-000567,TXN-000567,FEE_PAYMENT,FINANCE,2026-09-04T07:52:38+00:00,3000.0,1,NEW
MSG-000568,TXN-000568,ADMISSION_CREATED,ADMISSIONS,2026-09-04T08:00:51+00:00,,1,NEW
MSG-000897,TXN-000568,ADMISSION_CREATED,ADMISSIONS,2026-09-04T08:04:35+00:00,,1,NEW
MSG-000569,TXN-000569,FEE_PAYMENT,FINANCE,2026-09-04T08:08:25+00:00,25000.0,1,NEW
MSG-000570,TXN-000570,FEE_PAYMENT,FINANCE,2026-09-04T08:15:22+00:00,1500.0,1,NEW
MSG-000873,TXN-000570,FEE_PAYMENT,FINANCE,2026-09-04T08:19:39+00:00,1500.0,1,NEW
MSG-000571,TXN-000571,COURSE_ENROLLED,ACADEMICS,2026-09-04T08:22:45+00:00,,1,NEW
MSG-000572,TXN-000572,ADMISSION_CREATED,ADMISSIONS,2026-09-04T08:30:01+00:00,,1,NEW
MSG-000573,TXN-000573,FEE_PAYMENT,FINANCE,2026-09-04T08:37:38+00:00,1500.0,1,NEW
MSG-000574,TXN-000574,COURSE_ENROLLED,ACADEMICS,2026-09-04T08:45:33+00:00,,1,NEW
MSG-000575,TXN-000575,FEE_PAYMENT,FINANCE,2026-09-04T08:53:00+00:00,1500.0,1,NEW
MSG-000576,TXN-000576,FEE_PAYMENT,FINANCE,2026-09-04T09:00:32+00:00,5000.0,1,NEW
MSG-000883,TXN-000576,FEE_PAYMENT,FINANCE,2026-09-04T09:04:35+00:00,5000.0,1,NEW
MSG-000577,TXN-000577,ADMISSION_CREATED,ADMISSIONS,2026-09-04T09:07:58+00:00,,1,NEW
MSG-000909,TXN-000577,ADMISSION_CREATED,ADMISSIONS,2026-09-04T09:09:20+00:00,,1,NEW
MSG-000578,TXN-000578,ADMISSION_CREATED,ADMISSIONS,2026-09-04T09:16:00+00:00,,1,NEW
MSG-000937,TXN-000251,COURSE_ENROLLED,ACADEMICS,2026-09-04T09:23:01+00:00,,1,NEW
MSG-000579,TXN-000579,ADMISSION_CREATED,ADMISSIONS,2026-09-04T09:23:16+00:00,,1,NEW
MSG-000580,TXN-000580,COURSE_ENROLLED,ACADEMICS,2026-09-04T09:30:55+00:00,,1,NEW
MSG-000581,TXN-000581,ADMISSION_CREATED,ADMISSIONS,2026-09-04T09:37:49+00:00,,1,NEW
MSG-000582,TXN-000582,FEE_PAYMENT,FINANCE,2026-09-04T09:45:03+00:00,1500.0,1,NEW
MSG-000818,TXN-000582,FEE_PAYMENT,FINANCE,2026-09-04T09:49:18+00:00,1500.0,1,NEW
MSG-000936,TXN-000463,FEE_PAYMENT,FINANCE,2026-09-04T09:52:55+00:00,25000.0,1,NEW
MSG-000583,TXN-000583,ALUMNI_UPDATED,ALUMNI,2026-09-04T09:53:24+00:00,,1,NEW
MSG-000584,TXN-000584,FEE_PAYMENT,FINANCE,2026-09-04T10:00:06+00:00,25000.0,1,NEW
MSG-000585,TXN-000585,FEE_PAYMENT,FINANCE,2026-09-04T10:07:34+00:00,10000.0,1,NEW
MSG-000586,TXN-000586,MARK_UPDATED,ACADEMICS,2026-09-04T10:15:20+00:00,,1,NEW
MSG-000587,TXN-000587,ADMISSION_CREATED,ADMISSIONS,2026-09-04T10:22:34+00:00,,1,NEW
MSG-000926,TXN-000251,COURSE_ENROLLED,ACADEMICS,2026-09-04T10:23:01+00:00,,1,NEW
MSG-000588,TXN-000588,FEE_PAYMENT,FINANCE,2026-09-04T10:30:40+00:00,15000.0,1,NEW
MSG-000588,TXN-000588,FEE_PAYMENT,FINANCE,2026-09-04T10:31:23+00:00,15000.0,1,NEW
MSG-000589,TXN-000589,ADMISSION_CREATED,ADMISSIONS,2026-09-04T10:38:15+00:00,,1,NEW
MSG-000590,TXN-000590,FEE_PAYMENT,FINANCE,2026-09-04T10:45:33+00:00,15000.0,1,NEW
MSG-000814,TXN-000399,MARK_UPDATED,ACADEMICS,2026-09-04T10:53:07+00:00,,1,NEW
MSG-000591,TXN-000591,FEE_PAYMENT,FINANCE,2026-09-04T10:53:08+00:00,15000.0,1,NEW
MSG-000592,TXN-000592,FEE_PAYMENT,FINANCE,2026-09-04T11:00:44+00:00,50000.0,1,NEW
MSG-000593,TXN-000593,FEE_PAYMENT,FINANCE,2026-09-04T11:08:11+00:00,25000.0,1,NEW
MSG-000594,TXN-000594,MARK_UPDATED,ACADEMICS,2026-09-04T11:15:35+00:00,,1,NEW
MSG-000595,TXN-000595,COURSE_ENROLLED,ACADEMICS,2026-09-04T11:22:43+00:00,,1,NEW
MSG-000811,TXN-000595,COURSE_ENROLLED,ACADEMICS,2026-09-04T11:26:49+00:00,,1,NEW
MSG-000596,TXN-000596,FEE_PAYMENT,FINANCE,2026-09-04T11:30:26+00:00,3000.0,1,NEW
MSG-000597,TXN-000597,FEE_PAYMENT,FINANCE,2026-09-04T11:37:55+00:00,10000.0,1,NEW
MSG-000598,TXN-000598,FEE_PAYMENT,FINANCE,2026-09-04T11:45:20+00:00,1500.0,1,NEW
MSG-000824,TXN-000246,COURSE_ENROLLED,ACADEMICS,2026-09-04T11:45:35+00:00,,1,NEW
MSG-000599,TXN-000599,FEE_PAYMENT,FINANCE,2026-09-04T11:52:46+00:00,25000.0,1,NEW
MSG-000600,TXN-000600,FEE_PAYMENT,FINANCE,2026-09-04T12:00:43+00:00,3000.0,1,NEW
MSG-000601,TXN-000601,MARK_UPDATED,ACADEMICS,2026-09-04T12:07:34+00:00,,1,NEW
MSG-000602,TXN-000602,FEE_PAYMENT,FINANCE,2026-09-04T12:15:05+00:00,1500.0,1,NEW
MSG-000808,TXN-000266,COURSE_ENROLLED,ACADEMICS,2026-09-04T12:15:54+00:00,,1,NEW
MSG-000603,TXN-000603,FEE_PAYMENT,FINANCE,2026-09-04T12:23:17+00:00,25000.0,1,NEW
MSG-000805,TXN-000603,FEE_PAYMENT,FINANCE,2026-09-04T12:25:18+00:00,25000.0,1,NEW
MSG-000604,TXN-000604,FEE_PAYMENT,FINANCE,2026-09-04T12:30:35+00:00,3000.0,1,NEW
MSG-000605,TXN-000605,FEE_PAYMENT,FINANCE,2026-09-04T12:38:05+00:00,15000.0,1,NEW
MSG-000606,TXN-000606,FEE_PAYMENT,FINANCE,2026-09-04T12:45:26+00:00,1500.0,1,NEW
MSG-000607,TXN-000607,FEE_PAYMENT,FINANCE,2026-09-04T12:53:30+00:00,25000.0,1,NEW
MSG-000930,TXN-000256,FEE_PAYMENT,FINANCE,2026-09-04T13:00:24+00:00,3000.0,1,NEW
MSG-000608,TXN-000608,COURSE_ENROLLED,ACADEMICS,2026-09-04T13:00:55+00:00,,1,NEW
MSG-000609,TXN-000609,MARK_UPDATED,ACADEMICS,2026-09-04T13:07:33+00:00,,1,NEW
MSG-000610,TXN-000610,ALUMNI_UPDATED,ALUMNI,2026-09-04T13:15:38+00:00,,1,NEW
MSG-000611,TXN-000611,FEE_PAYMENT,FINANCE,2026-09-04T13:23:06+00:00,1500.0,1,NEW
MSG-000612,TXN-000612,ADMISSION_CREATED,ADMISSIONS,2026-09-04T13:30:09+00:00,,1,NEW
MSG-000613,TXN-000613,ADMISSION_CREATED,ADMISSIONS,2026-09-04T13:37:44+00:00,,1,NEW
MSG-000614,TXN-000614,COURSE_ENROLLED,ACADEMICS,2026-09-04T13:45:22+00:00,,1,NEW
MSG-000615,TXN-000615,COURSE_ENROLLED,ACADEMICS,2026-09-04T13:52:53+00:00,,1,NEW
MSG-000917,TXN-000399,MARK_UPDATED,ACADEMICS,2026-09-04T13:53:07+00:00,,1,NEW
MSG-000616,TXN-000616,FEE_PAYMENT,FINANCE,2026-09-04T14:00:36+00:00,5000.0,1,NEW
MSG-000617,TXN-000617,FEE_PAYMENT,FINANCE,2026-09-04T14:08:24+00:00,10000.0,1,NEW
MSG-000860,TXN-000393,ADMISSION_CREATED,ADMISSIONS,2026-09-04T14:08:30+00:00,,1,NEW
MSG-000618,TXN-000618,ADMISSION_CREATED,ADMISSIONS,2026-09-04T14:15:49+00:00,,1,NEW
MSG-000619,TXN-000619,COURSE_ENROLLED,ACADEMICS,2026-09-04T14:23:09+00:00,,1,NEW
MSG-000620,TXN-000620,ADMISSION_CREATED,ADMISSIONS,2026-09-04T14:30:35+00:00,,1,NEW
MSG-000621,TXN-000621,FEE_PAYMENT,FINANCE,2026-09-04T14:38:23+00:00,25000.0,1,NEW
MSG-000622,TXN-000622,ADMISSION_CREATED,ADMISSIONS,2026-09-04T14:45:01+00:00,,1,NEW
MSG-000623,TXN-000623,FEE_PAYMENT,FINANCE,2026-09-04T14:53:18+00:00,25000.0,1,NEW
MSG-000841,TXN-000623,FEE_PAYMENT,FINANCE,2026-09-04T14:57:05+00:00,25000.0,1,NEW
MSG-000890,TXN-000512,FEE_PAYMENT,FINANCE,2026-09-04T15:00:20+00:00,5000.0,1,NEW
MSG-000624,TXN-000624,FEE_PAYMENT,FINANCE,2026-09-04T15:00:22+00:00,5000.0,1,NEW
MSG-000625,TXN-000625,FEE_PAYMENT,FINANCE,2026-09-04T15:07:39+00:00,50000.0,1,NEW
MSG-000625,TXN-000625,FEE_PAYMENT,FINANCE,2026-09-04T15:08:02+00:00,50000.0,1,NEW
MSG-000625,TXN-000625,FEE_PAYMENT,FINANCE,2026-09-04T15:08:18+00:00,50000.0,1,NEW
MSG-000626,TXN-000626,ADMISSION_CREATED,ADMISSIONS,2026-09-04T15:15:25+00:00,,1,NEW
MSG-000627,TXN-000627,FEE_PAYMENT,FINANCE,2026-09-04T15:23:10+00:00,25000.0,1,NEW
MSG-000628,TXN-000628,ALUMNI_UPDATED,ALUMNI,2026-09-04T15:30:05+00:00,,1,NEW
MSG-000629,TXN-000629,COURSE_ENROLLED,ACADEMICS,2026-09-04T15:37:43+00:00,,1,NEW
MSG-000630,TXN-000630,FEE_PAYMENT,FINANCE,2026-09-04T15:45:21+00:00,10000.0,1,NEW
MSG-000631,TXN-000631,FEE_PAYMENT,FINANCE,2026-09-04T15:53:16+00:00,5000.0,1,NEW
MSG-000632,TXN-000632,FEE_PAYMENT,FINANCE,2026-09-04T16:00:38+00:00,15000.0,1,NEW
MSG-000633,TXN-000633,FEE_PAYMENT,FINANCE,2026-09-04T16:07:39+00:00,1500.0,1,NEW
MSG-000633,TXN-000633,FEE_PAYMENT,FINANCE,2026-09-04T16:08:18+00:00,1500.0,1,NEW
MSG-000634,TXN-000634,FEE_PAYMENT,FINANCE,2026-09-04T16:15:03+00:00,15000.0,1,NEW
MSG-000820,TXN-000482,MARK_UPDATED,ACADEMICS,2026-09-04T16:15:39+00:00,,1,NEW
MSG-000834,TXN-000291,ADMISSION_CREATED,ADMISSIONS,2026-09-04T16:22:45+00:00,,1,NEW
MSG-000635,TXN-000635,ADMISSION_CREATED,ADMISSIONS,2026-09-04T16:22:47+00:00,,1,NEW
MSG-000829,TXN-000283,FEE_PAYMENT,FINANCE,2026-09-04T16:22:56+00:00,50000.0,1,NEW
MSG-000636,TXN-000636,FEE_PAYMENT,FINANCE,2026-09-04T16:30:31+00:00,10000.0,1,NEW
MSG-000637,TXN-000637,ADMISSION_CREATED,ADMISSIONS,2026-09-04T16:37:56+00:00,,1,NEW
MSG-000898,TXN-000277,FEE_PAYMENT,FINANCE,2026-09-04T16:38:12+00:00,15000.0,1,NEW
MSG-000638,TXN-000638,FEE_PAYMENT,FINANCE,2026-09-04T16:45:32+00:00,50000.0,1,NEW
MSG-000639,TXN-000639,FEE_PAYMENT,FINANCE,2026-09-04T16:52:37+00:00,10000.0,1,NEW
MSG-000640,TXN-000640,FEE_PAYMENT,FINANCE,2026-09-04T17:00:37+00:00,25000.0,1,NEW
MSG-000641,TXN-000641,FEE_PAYMENT,FINANCE,2026-09-04T17:07:49+00:00,25000.0,1,NEW
MSG-000817,TXN-000641,FEE_PAYMENT,FINANCE,2026-09-04T17:10:58+00:00,25000.0,1,NEW
MSG-000642,TXN-000642,FEE_PAYMENT,FINANCE,2026-09-04T17:15:38+00:00,10000.0,1,NEW
MSG-000643,TXN-000643,FEE_PAYMENT,FINANCE,2026-09-04T17:22:49+00:00,3000.0,1,NEW
MSG-000644,TXN-000644,MARK_UPDATED,ACADEMICS,2026-09-04T17:30:49+00:00,,1,NEW
MSG-000645,TXN-000645,FEE_PAYMENT,FINANCE,2026-09-04T17:37:48+00:00,5000.0,1,NEW
MSG-000646,TXN-000646,FEE_PAYMENT,FINANCE,2026-09-04T17:45:31+00:00,1500.0,1,NEW
MSG-000647,TXN-000647,COURSE_ENROLLED,ACADEMICS,2026-09-04T17:52:41+00:00,,1,NEW
MSG-000648,TXN-000648,FEE_PAYMENT,FINANCE,2026-09-04T18:00:45+00:00,15000.0,1,NEW
MSG-000649,TXN-000649,FEE_PAYMENT,FINANCE,2026-09-04T18:08:23+00:00,15000.0,1,NEW
MSG-000650,TXN-000650,ADMISSION_CREATED,ADMISSIONS,2026-09-04T18:15:22+00:00,,1,NEW
MSG-000651,TXN-000651,FEE_PAYMENT,FINANCE,2026-09-04T18:23:17+00:00,50000.0,1,NEW
MSG-000652,TXN-000652,FEE_PAYMENT,FINANCE,2026-09-04T18:30:29+00:00,1500.0,1,NEW
MSG-000933,TXN-000308,ALUMNI_UPDATED,ALUMNI,2026-09-04T18:30:50+00:00,,1,NEW
MSG-000653,TXN-000653,MARK_UPDATED,ACADEMICS,2026-09-04T18:38:25+00:00,,1,NEW
MSG-000654,TXN-000654,FEE_PAYMENT,FINANCE,2026-09-04T18:45:36+00:00,10000.0,1,NEW
MSG-000655,TXN-000655,FEE_PAYMENT,FINANCE,2026-09-04T18:52:56+00:00,25000.0,1,NEW
MSG-000656,TXN-000656,FEE_PAYMENT,FINANCE,2026-09-04T19:00:01+00:00,10000.0,1,NEW
MSG-000657,TXN-000657,ALUMNI_UPDATED,ALUMNI,2026-09-04T19:07:40+00:00,,1,NEW
MSG-000658,TXN-000658,COURSE_ENROLLED,ACADEMICS,2026-09-04T19:15:39+00:00,,1,NEW
MSG-000658,TXN-000658,COURSE_ENROLLED,ACADEMICS,2026-09-04T19:15:50+00:00,,1,NEW
MSG-000659,TXN-000659,FEE_PAYMENT,FINANCE,2026-09-04T19:23:28+00:00,25000.0,1,NEW
MSG-000659,TXN-000659,FEE_PAYMENT,FINANCE,2026-09-04T19:24:08+00:00,25000.0,1,NEW
MSG-000660,TXN-000660,FEE_PAYMENT,FINANCE,2026-09-04T19:30:54+00:00,10000.0,1,NEW
MSG-000661,TXN-000661,FEE_PAYMENT,FINANCE,2026-09-04T19:38:07+00:00,10000.0,1,NEW
MSG-000911,TXN-000661,FEE_PAYMENT,FINANCE,2026-09-04T19:43:06+00:00,10000.0,1,NEW
MSG-000662,TXN-000662,FEE_PAYMENT,FINANCE,2026-09-04T19:45:25+00:00,1500.0,1,NEW
MSG-000663,TXN-000663,MARK_UPDATED,ACADEMICS,2026-09-04T19:53:17+00:00,,1,NEW
MSG-000664,TXN-000664,FEE_PAYMENT,FINANCE,2026-09-04T20:00:49+00:00,5000.0,1,NEW
MSG-000665,TXN-000665,FEE_PAYMENT,FINANCE,2026-09-04T20:08:10+00:00,15000.0,1,NEW
MSG-000666,TXN-000666,FEE_PAYMENT,FINANCE,2026-09-04T20:15:12+00:00,15000.0,1,NEW
MSG-000667,TXN-000667,MARK_UPDATED,ACADEMICS,2026-09-04T20:22:52+00:00,,1,NEW
MSG-000668,TXN-000668,FEE_PAYMENT,FINANCE,2026-09-04T20:30:41+00:00,50000.0,1,NEW
MSG-000669,TXN-000669,COURSE_ENROLLED,ACADEMICS,2026-09-04T20:37:45+00:00,,1,NEW
MSG-000670,TXN-000670,FEE_PAYMENT,FINANCE,2026-09-04T20:45:12+00:00,5000.0,1,NEW
MSG-000671,TXN-000671,FEE_PAYMENT,FINANCE,2026-09-04T20:53:18+00:00,3000.0,1,NEW
MSG-000672,TXN-000672,COURSE_ENROLLED,ACADEMICS,2026-09-04T21:00:04+00:00,,1,NEW
MSG-000673,TXN-000673,FEE_PAYMENT,FINANCE,2026-09-04T21:08:10+00:00,50000.0,1,NEW
MSG-000674,TXN-000674,FEE_PAYMENT,FINANCE,2026-09-04T21:15:36+00:00,50000.0,1,NEW
MSG-000675,TXN-000675,COURSE_ENROLLED,ACADEMICS,2026-09-04T21:22:58+00:00,,1,NEW
MSG-000675,TXN-000675,COURSE_ENROLLED,ACADEMICS,2026-09-04T21:23:14+00:00,,1,NEW
MSG-000880,TXN-000444,FEE_PAYMENT,FINANCE,2026-09-04T21:30:28+00:00,3000.0,1,NEW
MSG-000676,TXN-000676,ADMISSION_CREATED,ADMISSIONS,2026-09-04T21:30:56+00:00,,1,NEW
MSG-000677,TXN-000677,ADMISSION_CREATED,ADMISSIONS,2026-09-04T21:38:10+00:00,,1,NEW
MSG-000900,TXN-000677,ADMISSION_CREATED,ADMISSIONS,2026-09-04T21:40:19+00:00,,1,NEW
MSG-000866,TXN-000677,ADMISSION_CREATED,ADMISSIONS,2026-09-04T21:41:12+00:00,,1,NEW
MSG-000678,TXN-000678,ALUMNI_UPDATED,ALUMNI,2026-09-04T21:45:20+00:00,,1,NEW
MSG-000842,TXN-000294,FEE_PAYMENT,FINANCE,2026-09-04T21:45:49+00:00,5000.0,1,NEW
MSG-000679,TXN-000679,MARK_UPDATED,ACADEMICS,2026-09-04T21:53:10+00:00,,1,NEW
MSG-000680,TXN-000680,FEE_PAYMENT,FINANCE,2026-09-04T22:00:04+00:00,10000.0,1,NEW
MSG-000681,TXN-000681,FEE_PAYMENT,FINANCE,2026-09-04T22:07:49+00:00,25000.0,1,NEW
MSG-000682,TXN-000682,COURSE_ENROLLED,ACADEMICS,2026-09-04T22:15:37+00:00,,1,NEW
MSG-000872,TXN-000682,COURSE_ENROLLED,ACADEMICS,2026-09-04T22:20:06+00:00,,1,NEW
MSG-000683,TXN-000683,FEE_PAYMENT,FINANCE,2026-09-04T22:22:34+00:00,15000.0,1,NEW
MSG-000683,TXN-000683,FEE_PAYMENT,FINANCE,2026-09-04T22:22:54+00:00,15000.0,1,NEW
MSG-000684,TXN-000684,FEE_PAYMENT,FINANCE,2026-09-04T22:30:02+00:00,10000.0,1,NEW
MSG-000685,TXN-000685,FEE_PAYMENT,FINANCE,2026-09-04T22:37:48+00:00,50000.0,1,NEW
MSG-000686,TXN-000686,FEE_PAYMENT,FINANCE,2026-09-04T22:45:54+00:00,50000.0,1,NEW
MSG-000687,TXN-000687,FEE_PAYMENT,FINANCE,2026-09-04T22:53:02+00:00,15000.0,1,NEW
MSG-000688,TXN-000688,FEE_PAYMENT,FINANCE,2026-09-04T23:00:35+00:00,15000.0,1,NEW
MSG-000689,TXN-000689,ALUMNI_UPDATED,ALUMNI,2026-09-04T23:08:17+00:00,,1,NEW
MSG-000689,TXN-000689,ALUMNI_UPDATED,ALUMNI,2026-09-04T23:08:55+00:00,,1,NEW
MSG-000690,TXN-000690,MARK_UPDATED,ACADEMICS,2026-09-04T23:15:28+00:00,,1,NEW
MSG-000691,TXN-000691,MARK_UPDATED,ACADEMICS,2026-09-04T23:23:06+00:00,,1,NEW
MSG-000692,TXN-000692,ADMISSION_CREATED,ADMISSIONS,2026-09-04T23:30:20+00:00,,1,NEW
MSG-000693,TXN-000693,ADMISSION_CREATED,ADMISSIONS,2026-09-04T23:38:02+00:00,,1,NEW
MSG-000693,TXN-000693,ADMISSION_CREATED,ADMISSIONS,2026-09-04T23:38:36+00:00,,1,NEW
MSG-000807,TXN-000693,ADMISSION_CREATED,ADMISSIONS,2026-09-04T23:41:34+00:00,,1,NEW
MSG-000694,TXN-000694,FEE_PAYMENT,FINANCE,2026-09-04T23:45:28+00:00,1500.0,1,NEW
MSG-000695,TXN-000695,FEE_PAYMENT,FINANCE,2026-09-04T23:52:51+00:00,50000.0,1,NEW
MSG-000696,TXN-000696,ALUMNI_UPDATED,ALUMNI,2026-09-05T00:00:05+00:00,,1,NEW
MSG-000697,TXN-000697,ADMISSION_CREATED,ADMISSIONS,2026-09-05T00:07:41+00:00,,1,NEW
MSG-000828,TXN-000697,ADMISSION_CREATED,ADMISSIONS,2026-09-05T00:09:19+00:00,,1,NEW
MSG-000698,TXN-000698,FEE_PAYMENT,FINANCE,2026-09-05T00:15:28+00:00,25000.0,1,NEW
MSG-000699,TXN-000699,ALUMNI_UPDATED,ALUMNI,2026-09-05T00:23:03+00:00,,1,NEW
MSG-000700,TXN-000700,ADMISSION_CREATED,ADMISSIONS,2026-09-05T00:30:10+00:00,,1,NEW
MSG-000921,TXN-000548,FEE_PAYMENT,FINANCE,2026-09-05T00:30:39+00:00,10000.0,1,NEW
MSG-000701,TXN-000701,FEE_PAYMENT,FINANCE,2026-09-05T00:37:54+00:00,5000.0,1,NEW
MSG-000702,TXN-000702,FEE_PAYMENT,FINANCE,2026-09-05T00:45:43+00:00,5000.0,1,NEW
MSG-000703,TXN-000703,ADMISSION_CREATED,ADMISSIONS,2026-09-05T00:53:20+00:00,,1,NEW
MSG-000703,TXN-000703,ADMISSION_CREATED,ADMISSIONS,2026-09-05T00:54:01+00:00,,1,NEW
MSG-000704,TXN-000704,ADMISSION_CREATED,ADMISSIONS,2026-09-05T01:00:21+00:00,,1,NEW
MSG-000705,TXN-000705,FEE_PAYMENT,FINANCE,2026-09-05T01:08:05+00:00,1500.0,1,NEW
MSG-000706,TXN-000706,ADMISSION_CREATED,ADMISSIONS,2026-09-05T01:15:18+00:00,,1,NEW
MSG-000853,TXN-000450,MARK_UPDATED,ACADEMICS,2026-09-05T01:15:26+00:00,,1,NEW
MSG-000707,TXN-000707,FEE_PAYMENT,FINANCE,2026-09-05T01:23:12+00:00,50000.0,1,NEW
MSG-000708,TXN-000708,ALUMNI_UPDATED,ALUMNI,2026-09-05T01:30:38+00:00,,1,NEW
MSG-000709,TXN-000709,MARK_UPDATED,ACADEMICS,2026-09-05T01:37:51+00:00,,1,NEW
MSG-000850,TXN-000589,ADMISSION_CREATED,ADMISSIONS,2026-09-05T01:38:15+00:00,,1,NEW
MSG-000710,TXN-000710,FEE_PAYMENT,FINANCE,2026-09-05T01:45:09+00:00,25000.0,1,NEW
MSG-000711,TXN-000711,MARK_UPDATED,ACADEMICS,2026-09-05T01:52:49+00:00,,1,NEW
MSG-000712,TXN-000712,ALUMNI_UPDATED,ALUMNI,2026-09-05T02:00:44+00:00,,1,NEW
MSG-000810,TXN-000712,ALUMNI_UPDATED,ALUMNI,2026-09-05T02:02:18+00:00,,1,NEW
MSG-000713,TXN-000713,ADMISSION_CREATED,ADMISSIONS,2026-09-05T02:07:38+00:00,,1,NEW
MSG-000714,TXN-000714,ADMISSION_CREATED,ADMISSIONS,2026-09-05T02:16:00+00:00,,1,NEW
MSG-000871,TXN-000714,ADMISSION_CREATED,ADMISSIONS,2026-09-05T02:20:49+00:00,,1,NEW
MSG-000715,TXN-000715,FEE_PAYMENT,FINANCE,2026-09-05T02:22:54+00:00,15000.0,1,NEW
MSG-000716,TXN-000716,ADMISSION_CREATED,ADMISSIONS,2026-09-05T02:30:21+00:00,,1,NEW
MSG-000716,TXN-000716,ADMISSION_CREATED,ADMISSIONS,2026-09-05T02:30:58+00:00,,1,NEW
MSG-000812,TXN-000716,ADMISSION_CREATED,ADMISSIONS,2026-09-05T02:34:36+00:00,,1,NEW
MSG-000717,TXN-000717,COURSE_ENROLLED,ACADEMICS,2026-09-05T02:38:12+00:00,,1,NEW
MSG-000718,TXN-000718,COURSE_ENROLLED,ACADEMICS,2026-09-05T02:46:00+00:00,,1,NEW
MSG-000719,TXN-000719,COURSE_ENROLLED,ACADEMICS,2026-09-05T02:53:13+00:00,,1,NEW
MSG-000863,TXN-000719,COURSE_ENROLLED,ACADEMICS,2026-09-05T02:55:10+00:00,,1,NEW
MSG-000720,TXN-000720,MARK_UPDATED,ACADEMICS,2026-09-05T03:00:05+00:00,,1,NEW
MSG-000721,TXN-000721,ADMISSION_CREATED,ADMISSIONS,2026-09-05T03:07:57+00:00,,1,NEW
MSG-000722,TXN-000722,ADMISSION_CREATED,ADMISSIONS,2026-09-05T03:15:01+00:00,,1,NEW
MSG-000723,TXN-000723,FEE_PAYMENT,FINANCE,2026-09-05T03:23:30+00:00,3000.0,1,NEW
MSG-000724,TXN-000724,FEE_PAYMENT,FINANCE,2026-09-05T03:30:31+00:00,50000.0,1,NEW
MSG-000725,TXN-000725,FEE_PAYMENT,FINANCE,2026-09-05T03:37:39+00:00,3000.0,1,NEW
MSG-000726,TXN-000726,FEE_PAYMENT,FINANCE,2026-09-05T03:45:50+00:00,50000.0,1,NEW
MSG-000727,TXN-000727,FEE_PAYMENT,FINANCE,2026-09-05T03:53:04+00:00,50000.0,1,NEW
MSG-000728,TXN-000728,COURSE_ENROLLED,ACADEMICS,2026-09-05T04:00:56+00:00,,1,NEW
MSG-000729,TXN-000729,ADMISSION_CREATED,ADMISSIONS,2026-09-05T04:08:12+00:00,,1,NEW
MSG-000892,TXN-000729,ADMISSION_CREATED,ADMISSIONS,2026-09-05T04:09:59+00:00,,1,NEW
MSG-000730,TXN-000730,FEE_PAYMENT,FINANCE,2026-09-05T04:15:39+00:00,50000.0,1,NEW
MSG-000731,TXN-000731,FEE_PAYMENT,FINANCE,2026-09-05T04:22:39+00:00,10000.0,1,NEW
MSG-000732,TXN-000732,FEE_PAYMENT,FINANCE,2026-09-05T04:30:44+00:00,50000.0,1,NEW
MSG-000733,TXN-000733,COURSE_ENROLLED,ACADEMICS,2026-09-05T04:38:21+00:00,,1,NEW
MSG-000734,TXN-000734,MARK_UPDATED,ACADEMICS,2026-09-05T04:45:46+00:00,,1,NEW
MSG-000735,TXN-000735,FEE_PAYMENT,FINANCE,2026-09-05T04:52:53+00:00,10000.0,1,NEW
MSG-000736,TXN-000736,ADMISSION_CREATED,ADMISSIONS,2026-09-05T05:00:15+00:00,,1,NEW
MSG-000737,TXN-000737,ALUMNI_UPDATED,ALUMNI,2026-09-05T05:08:09+00:00,,1,NEW
MSG-000738,TXN-000738,FEE_PAYMENT,FINANCE,2026-09-05T05:15:50+00:00,25000.0,1,NEW
MSG-000739,TXN-000739,FEE_PAYMENT,FINANCE,2026-09-05T05:22:45+00:00,15000.0,1,NEW
MSG-000919,TXN-000387,FEE_PAYMENT,FINANCE,2026-09-05T05:23:22+00:00,5000.0,1,NEW
MSG-000740,TXN-000740,FEE_PAYMENT,FINANCE,2026-09-05T05:30:50+00:00,50000.0,1,NEW
MSG-000815,TXN-000740,FEE_PAYMENT,FINANCE,2026-09-05T05:34:11+00:00,50000.0,1,NEW
MSG-000741,TXN-000741,FEE_PAYMENT,FINANCE,2026-09-05T05:37:42+00:00,50000.0,1,NEW
MSG-000742,TXN-000742,FEE_PAYMENT,FINANCE,2026-09-05T05:45:28+00:00,15000.0,1,NEW
MSG-000742,TXN-000742,FEE_PAYMENT,FINANCE,2026-09-05T05:45:51+00:00,15000.0,1,NEW
MSG-000743,TXN-000743,FEE_PAYMENT,FINANCE,2026-09-05T05:53:19+00:00,5000.0,1,NEW
MSG-000744,TXN-000744,FEE_PAYMENT,FINANCE,2026-09-05T06:00:26+00:00,15000.0,1,NEW
MSG-000745,TXN-000745,ALUMNI_UPDATED,ALUMNI,2026-09-05T06:08:22+00:00,,1,NEW
MSG-000746,TXN-000746,FEE_PAYMENT,FINANCE,2026-09-05T06:15:08+00:00,15000.0,1,NEW
MSG-000747,TXN-000747,MARK_UPDATED,ACADEMICS,2026-09-05T06:22:33+00:00,,1,NEW
MSG-000801,TXN-000747,MARK_UPDATED,ACADEMICS,2026-09-05T06:25:44+00:00,,1,NEW
MSG-000748,TXN-000748,ADMISSION_CREATED,ADMISSIONS,2026-09-05T06:30:55+00:00,,1,NEW
MSG-000749,TXN-000749,FEE_PAYMENT,FINANCE,2026-09-05T06:38:15+00:00,1500.0,1,NEW
MSG-000750,TXN-000750,COURSE_ENROLLED,ACADEMICS,2026-09-05T06:45:54+00:00,,1,NEW
MSG-000751,TXN-000751,FEE_PAYMENT,FINANCE,2026-09-05T06:53:18+00:00,1500.0,1,NEW
MSG-000752,TXN-000752,FEE_PAYMENT,FINANCE,2026-09-05T07:00:57+00:00,10000.0,1,NEW
MSG-000753,TXN-000753,ADMISSION_CREATED,ADMISSIONS,2026-09-05T07:08:23+00:00,,1,NEW
MSG-000899,TXN-000753,ADMISSION_CREATED,ADMISSIONS,2026-09-05T07:13:10+00:00,,1,NEW
MSG-000754,TXN-000754,FEE_PAYMENT,FINANCE,2026-09-05T07:15:52+00:00,3000.0,1,NEW
MSG-000754,TXN-000754,FEE_PAYMENT,FINANCE,2026-09-05T07:16:36+00:00,3000.0,1,NEW
MSG-000755,TXN-000755,FEE_PAYMENT,FINANCE,2026-09-05T07:23:29+00:00,5000.0,1,NEW
MSG-000756,TXN-000756,FEE_PAYMENT,FINANCE,2026-09-05T07:30:25+00:00,1500.0,1,NEW
MSG-000757,TXN-000757,ADMISSION_CREATED,ADMISSIONS,2026-09-05T07:37:45+00:00,,1,NEW
MSG-000758,TXN-000758,FEE_PAYMENT,FINANCE,2026-09-05T07:45:23+00:00,1500.0,1,NEW
MSG-000759,TXN-000759,FEE_PAYMENT,FINANCE,2026-09-05T07:53:29+00:00,5000.0,1,NEW
MSG-000760,TXN-000760,FEE_PAYMENT,FINANCE,2026-09-05T08:00:41+00:00,25000.0,1,NEW
MSG-000760,TXN-000760,FEE_PAYMENT,FINANCE,2026-09-05T08:01:01+00:00,25000.0,1,NEW
MSG-000761,TXN-000761,FEE_PAYMENT,FINANCE,2026-09-05T08:07:38+00:00,3000.0,1,NEW
MSG-000762,TXN-000762,FEE_PAYMENT,FINANCE,2026-09-05T08:15:30+00:00,50000.0,1,NEW
MSG-000763,TXN-000763,ADMISSION_CREATED,ADMISSIONS,2026-09-05T08:22:38+00:00,,1,NEW
MSG-000845,TXN-000611,FEE_PAYMENT,FINANCE,2026-09-05T08:23:06+00:00,1500.0,1,NEW
MSG-000763,TXN-000763,ADMISSION_CREATED,ADMISSIONS,2026-09-05T08:23:06+00:00,,1,NEW
MSG-000764,TXN-000764,COURSE_ENROLLED,ACADEMICS,2026-09-05T08:30:30+00:00,,1,NEW
MSG-000765,TXN-000765,FEE_PAYMENT,FINANCE,2026-09-05T08:38:27+00:00,1500.0,1,NEW
MSG-000766,TXN-000766,FEE_PAYMENT,FINANCE,2026-09-05T08:45:13+00:00,5000.0,1,NEW
MSG-000766,TXN-000766,FEE_PAYMENT,FINANCE,2026-09-05T08:45:43+00:00,5000.0,1,NEW
MSG-000767,TXN-000767,COURSE_ENROLLED,ACADEMICS,2026-09-05T08:53:05+00:00,,1,NEW
MSG-000768,TXN-000768,MARK_UPDATED,ACADEMICS,2026-09-05T09:00:38+00:00,,1,NEW
MSG-000769,TXN-000769,ADMISSION_CREATED,ADMISSIONS,2026-09-05T09:07:37+00:00,,1,NEW
MSG-000902,TXN-000441,FEE_PAYMENT,FINANCE,2026-09-05T09:07:48+00:00,1500.0,1,NEW
MSG-000770,TXN-000770,COURSE_ENROLLED,ACADEMICS,2026-09-05T09:15:15+00:00,,1,NEW
MSG-000771,TXN-000771,FEE_PAYMENT,FINANCE,2026-09-05T09:22:45+00:00,1500.0,1,NEW
MSG-000874,TXN-000635,ADMISSION_CREATED,ADMISSIONS,2026-09-05T09:22:47+00:00,,1,NEW
MSG-000772,TXN-000772,FEE_PAYMENT,FINANCE,2026-09-05T09:30:39+00:00,50000.0,1,NEW
MSG-000773,TXN-000773,FEE_PAYMENT,FINANCE,2026-09-05T09:38:23+00:00,1500.0,1,NEW
MSG-000774,TXN-000774,MARK_UPDATED,ACADEMICS,2026-09-05T09:45:38+00:00,,1,NEW
MSG-000774,TXN-000774,MARK_UPDATED,ACADEMICS,2026-09-05T09:45:45+00:00,,1,NEW
MSG-000927,TXN-000575,FEE_PAYMENT,FINANCE,2026-09-05T09:53:00+00:00,1500.0,1,NEW
MSG-000775,TXN-000775,ADMISSION_CREATED,ADMISSIONS,2026-09-05T09:53:10+00:00,,1,NEW
MSG-000776,TXN-000776,ADMISSION_CREATED,ADMISSIONS,2026-09-05T10:00:15+00:00,,1,NEW
MSG-000885,TXN-000616,FEE_PAYMENT,FINANCE,2026-09-05T10:00:36+00:00,5000.0,1,NEW
MSG-000777,TXN-000777,COURSE_ENROLLED,ACADEMICS,2026-09-05T10:07:48+00:00,,1,NEW
MSG-000778,TXN-000778,FEE_PAYMENT,FINANCE,2026-09-05T10:15:22+00:00,15000.0,1,NEW
MSG-000779,TXN-000779,FEE_PAYMENT,FINANCE,2026-09-05T10:22:41+00:00,10000.0,1,NEW
MSG-000779,TXN-000779,FEE_PAYMENT,FINANCE,2026-09-05T10:23:11+00:00,10000.0,1,NEW
MSG-000780,TXN-000780,ADMISSION_CREATED,ADMISSIONS,2026-09-05T10:30:05+00:00,,1,NEW
MSG-000781,TXN-000781,ADMISSION_CREATED,ADMISSIONS,2026-09-05T10:37:53+00:00,,1,NEW
MSG-000928,TXN-000781,ADMISSION_CREATED,ADMISSIONS,2026-09-05T10:41:08+00:00,,1,NEW
MSG-000782,TXN-000782,FEE_PAYMENT,FINANCE,2026-09-05T10:45:34+00:00,15000.0,1,NEW
MSG-000783,TXN-000783,ADMISSION_CREATED,ADMISSIONS,2026-09-05T10:53:02+00:00,,1,NEW
MSG-000784,TXN-000784,ADMISSION_CREATED,ADMISSIONS,2026-09-05T11:00:24+00:00,,1,NEW
MSG-000785,TXN-000785,MARK_UPDATED,ACADEMICS,2026-09-05T11:07:32+00:00,,1,NEW
MSG-000785,TXN-000785,MARK_UPDATED,ACADEMICS,2026-09-05T11:08:02+00:00,,1,NEW
MSG-000786,TXN-000786,ADMISSION_CREATED,ADMISSIONS,2026-09-05T11:15:23+00:00,,1,NEW
MSG-000787,TXN-000787,FEE_PAYMENT,FINANCE,2026-09-05T11:22:52+00:00,1500.0,1,NEW
MSG-000788,TXN-000788,COURSE_ENROLLED,ACADEMICS,2026-09-05T11:30:22+00:00,,1,NEW
MSG-000789,TXN-000789,FEE_PAYMENT,FINANCE,2026-09-05T11:38:10+00:00,25000.0,1,NEW
MSG-000843,TXN-000454,COURSE_ENROLLED,ACADEMICS,2026-09-05T11:45:09+00:00,,1,NEW
MSG-000790,TXN-000790,FEE_PAYMENT,FINANCE,2026-09-05T11:45:47+00:00,15000.0,1,NEW
MSG-000791,TXN-000791,COURSE_ENROLLED,ACADEMICS,2026-09-05T11:52:38+00:00,,1,NEW
MSG-000916,TXN-000512,FEE_PAYMENT,FINANCE,2026-09-05T12:00:20+00:00,5000.0,1,NEW
MSG-000792,TXN-000792,FEE_PAYMENT,FINANCE,2026-09-05T12:00:21+00:00,15000.0,1,NEW
MSG-000803,TXN-000792,FEE_PAYMENT,FINANCE,2026-09-05T12:03:28+00:00,15000.0,1,NEW
MSG-000793,TXN-000793,COURSE_ENROLLED,ACADEMICS,2026-09-05T12:07:41+00:00,,1,NEW
MSG-000794,TXN-000794,COURSE_ENROLLED,ACADEMICS,2026-09-05T12:15:43+00:00,,1,NEW
MSG-000795,TXN-000795,FEE_PAYMENT,FINANCE,2026-09-05T12:23:00+00:00,25000.0,1,NEW
MSG-000796,TXN-000796,ADMISSION_CREATED,ADMISSIONS,2026-09-05T12:30:51+00:00,,1,NEW
MSG-000797,TXN-000797,FEE_PAYMENT,FINANCE,2026-09-05T12:38:19+00:00,25000.0,1,NEW
MSG-000798,TXN-000798,MARK_UPDATED,ACADEMICS,2026-09-05T12:45:02+00:00,,1,NEW
MSG-000857,TXN-000798,MARK_UPDATED,ACADEMICS,2026-09-05T12:49:55+00:00,,1,NEW
MSG-000799,TXN-000799,FEE_PAYMENT,FINANCE,2026-09-05T12:53:20+00:00,1500.0,1,NEW
MSG-000799,TXN-000799,FEE_PAYMENT,FINANCE,2026-09-05T12:53:45+00:00,1500.0,1,NEW
MSG-000800,TXN-000800,FEE_PAYMENT,FINANCE,2026-09-05T13:00:20+00:00,1500.0,1,NEW
MSG-000800,TXN-000800,FEE_PAYMENT,FINANCE,2026-09-05T13:00:51+00:00,1500.0,1,NEW
MSG-000870,TXN-000434,FEE_PAYMENT,FINANCE,2026-09-05T13:15:30+00:00,10000.0,1,NEW
MSG-000844,TXN-000544,MARK_UPDATED,ACADEMICS,2026-09-05T17:00:44+00:00,,1,NEW
MSG-000882,TXN-000490,FEE_PAYMENT,FINANCE,2026-09-05T19:15:37+00:00,5000.0,1,NEW
MSG-000881,TXN-000643,FEE_PAYMENT,FINANCE,2026-09-05T20:22:49+00:00,3000.0,1,NEW
MSG-000938,TXN-000611,FEE_PAYMENT,FINANCE,2026-09-05T20:23:06+00:00,1500.0,1,NEW
MSG-000833,TXN-000511,FEE_PAYMENT,FINANCE,2026-09-05T20:53:16+00:00,5000.0,1,NEW
MSG-000838,TXN-000626,ADMISSION_CREATED,ADMISSIONS,2026-09-05T22:15:25+00:00,,1,NEW
MSG-000920,TXN-000644,MARK_UPDATED,ACADEMICS,2026-09-06T00:30:49+00:00,,1,NEW
MSG-000915,TXN-000614,COURSE_ENROLLED,ACADEMICS,2026-09-06T13:45:22+00:00,,1,NEW
MSG-000859,TXN-000734,MARK_UPDATED,ACADEMICS,2026-09-06T14:45:46+00:00,,1,NEW
MSG-000831,TXN-000759,FEE_PAYMENT,FINANCE,2026-09-06T14:53:29+00:00,5000.0,1,NEW
MSG-000835,TXN-000641,FEE_PAYMENT,FINANCE,2026-09-06T17:07:49+00:00,25000.0,1,NEW
MSG-000886,TXN-000778,FEE_PAYMENT,FINANCE,2026-09-07T04:15:22+00:00,15000.0,1,NEW
